time,latitude (deg),longitude (deg),barometric pressure (hPa),air temperature (degC),tilt (deg),compass bearing (deg),filter_flag_gps ()
2025-07-21T17:00:12,84.400970,-17.905045,1013,5.8125,4.0,19.0,0
2025-07-21T19:00:14,84.396370,-17.944038,1013,3.2500,4.0,23.0,0
2025-07-21T21:00:15,84.396103,-17.972816,1012,2.6250,4.0,25.0,0
2025-07-21T23:00:15,84.397217,-17.954704,1013,2.3750,4.0,24.0,0
2025-07-22T01:00:14,84.395813,-17.910002,1012,1.7500,5.0,22.0,0
2025-07-22T03:00:15,84.390533,-17.873491,1012,1.6250,5.0,23.0,0
2025-07-22T05:00:14,84.383186,-17.860849,1011,2.5625,5.0,21.0,0
2025-07-22T07:00:15,84.376808,-17.870834,1011,5.0625,5.0,21.0,0
2025-07-22T09:00:15,84.373352,-17.884741,1011,6.5000,5.0,22.0,0
2025-07-22T11:00:14,84.371849,-17.884069,1011,5.7500,5.0,19.0,0
2025-07-22T13:00:15,84.368996,-17.864866,1011,6.1250,5.0,21.0,0
2025-07-22T15:00:14,84.362595,-17.850494,1011,6.8750,5.0,22.0,0
2025-07-22T17:00:15,84.354195,-17.865650,1011,4.0625,5.0,22.0,0
2025-07-22T19:00:15,84.347214,-17.892855,1011,2.6250,5.0,24.0,0
2025-07-22T21:00:14,84.342720,-17.915285,1011,1.7500,6.0,22.0,0
2025-07-22T23:00:15,84.340065,-17.914637,1011,1.6250,5.0,24.0,0
2025-07-23T01:00:14,84.335564,-17.896381,1011,1.3125,5.0,26.0,0
2025-07-23T03:00:15,84.329536,-17.872414,1011,1.8750,5.0,24.0,0
2025-07-23T05:00:15,84.321770,-17.860100,1011,3.1875,5.0,23.0,0
2025-07-23T07:00:14,84.313683,-17.864552,1011,5.3125,6.0,23.0,0
2025-07-23T09:00:15,84.306778,-17.870726,1012,7.1250,6.0,18.0,0
2025-07-23T11:00:14,84.301468,-17.863026,1012,7.6250,6.0,17.0,0
2025-07-23T13:00:15,84.296234,-17.843182,1012,7.2500,6.0,15.0,0
2025-07-23T15:00:14,84.289581,-17.828451,1012,6.5625,6.0,20.0,0
2025-07-23T17:00:15,84.281281,-17.829250,1011,4.2500,6.0,21.0,0
2025-07-23T19:00:15,84.273087,-17.848261,1011,3.5000,6.0,20.0,0
2025-07-23T21:00:14,84.266533,-17.862698,1010,2.3750,6.0,22.0,0
2025-07-23T23:00:15,84.260933,-17.859453,1010,2.6875,6.0,25.0,0
2025-07-24T01:00:14,84.254395,-17.845079,1010,2.0625,6.0,26.0,0
2025-07-24T03:00:15,84.245491,-17.831390,1009,1.8125,6.0,24.0,0
2025-07-24T05:00:15,84.233688,-17.819891,1008,1.2500,6.0,24.0,0
2025-07-24T07:00:14,84.220825,-17.817490,1007,2.0000,6.0,21.0,0
2025-07-24T09:00:15,84.208748,-17.820345,1007,1.6250,6.0,23.0,0
2025-07-24T11:00:14,84.198410,-17.812786,1006,1.0000,6.0,23.0,0
2025-07-24T13:00:15,84.188828,-17.784580,1006,0.8750,6.0,25.0,0
2025-07-24T15:00:15,84.177361,-17.752714,1005,0.8125,6.0,24.0,0
2025-07-24T17:00:14,84.163544,-17.743433,1005,1.0625,6.0,26.0,0
2025-07-24T19:00:15,84.148750,-17.765434,1005,1.3750,6.0,22.0,0
2025-07-24T21:00:14,84.137794,-17.800831,1006,1.3750,6.0,22.0,0
2025-07-24T23:00:15,84.130554,-17.821466,1006,1.6250,6.0,25.0,0
2025-07-25T01:00:15,84.124077,-17.814899,1006,1.1875,6.0,22.0,0
2025-07-25T03:00:14,84.116951,-17.791166,1006,0.8125,6.0,24.0,0
2025-07-25T05:00:15,84.108574,-17.774569,1005,0.9375,6.0,25.0,0
2025-07-25T07:00:15,84.100258,-17.774654,1005,1.0000,6.0,25.0,0
2025-07-25T09:00:14,84.093193,-17.771393,1005,1.6250,6.0,21.0,0
2025-07-25T11:00:15,84.087410,-17.745008,1004,1.4375,6.0,24.0,0
2025-07-25T13:00:15,84.081825,-17.708271,1004,1.3125,6.0,26.0,0
2025-07-25T15:00:14,84.075226,-17.676388,1004,1.1250,6.0,24.0,0
2025-07-25T17:00:15,84.067291,-17.660999,1004,1.5625,6.0,25.0,0
2025-07-25T19:00:15,84.059029,-17.672186,1004,1.2500,6.0,25.0,0
2025-07-25T21:00:14,84.051392,-17.692945,1004,1.5000,6.0,24.0,0
2025-07-25T23:00:15,84.044907,-17.710575,1005,1.1250,6.0,22.0,0
2025-07-26T01:00:15,84.037926,-17.720879,1005,0.3125,6.0,27.0,0
2025-07-26T03:00:14,84.030426,-17.728064,1006,-0.1875,6.0,28.0,0
2025-07-26T05:00:15,84.022766,-17.734501,1006,0.2500,6.0,27.0,0
2025-07-26T07:00:15,84.014801,-17.737856,1007,0.8125,6.0,21.0,0
2025-07-26T09:00:14,84.007286,-17.732332,1007,1.5625,6.0,27.0,0
2025-07-26T11:00:15,83.999962,-17.714161,1008,2.0625,6.0,24.0,0
2025-07-26T13:00:15,83.992615,-17.690134,1008,2.3125,6.0,25.0,0
2025-07-26T15:00:14,83.985443,-17.666433,1008,2.6250,6.0,27.0,0
2025-07-26T17:00:15,83.977982,-17.647087,1008,2.4375,6.0,26.0,0
2025-07-26T19:00:14,83.970345,-17.633865,1008,2.2500,6.0,25.0,0
2025-07-26T21:00:15,83.962700,-17.614426,1007,1.6875,6.0,28.0,0
2025-07-26T23:00:15,83.954498,-17.580271,1007,1.4375,6.0,26.0,0
2025-07-27T01:00:14,83.946564,-17.538654,1007,1.2500,6.0,31.0,0
2025-07-27T03:00:15,83.938553,-17.486032,1006,1.0000,6.0,23.0,0
2025-07-27T05:00:14,83.930061,-17.433596,1005,1.0625,6.0,29.0,0
2025-07-27T07:00:15,83.921158,-17.391687,1005,1.5000,6.0,26.0,0
2025-07-27T09:00:15,83.912735,-17.324850,1004,1.5625,6.0,27.0,0
2025-07-27T11:00:14,83.903816,-17.237543,1004,1.8125,6.0,25.0,0
2025-07-27T13:00:15,83.893669,-17.135965,1004,1.5625,6.0,27.0,0
2025-07-27T15:00:14,83.880539,-17.018246,1003,0.7500,6.0,23.0,0
2025-07-27T17:00:15,83.866470,-16.924095,1003,0.5625,6.0,23.0,0
2025-07-27T19:00:15,83.854233,-16.854797,1003,0.3750,7.0,28.0,0
2025-07-27T21:00:14,83.842369,-16.789557,1004,0.3750,6.0,25.0,0
2025-07-27T23:00:15,83.828712,-16.734627,1005,1.0000,7.0,24.0,0
2025-07-28T01:00:15,83.815392,-16.698240,1006,0.5625,6.0,25.0,0
2025-07-28T03:00:14,83.804543,-16.656046,1007,0.8750,7.0,25.0,0
2025-07-28T05:00:15,83.795052,-16.603300,1007,0.8125,7.0,23.0,0
2025-07-28T07:00:14,83.787048,-16.539539,1007,1.0625,7.0,26.0,0
2025-07-28T09:00:15,83.778450,-16.483276,1007,1.8125,7.0,20.0,0
2025-07-28T11:00:15,83.768944,-16.422394,1008,3.0000,7.0,20.0,0
2025-07-28T13:00:14,83.759361,-16.365046,1008,3.4375,7.0,25.0,0
2025-07-28T15:00:15,83.750473,-16.311543,1008,3.3125,7.0,26.0,0
2025-07-28T17:00:14,83.742477,-16.262671,1008,2.4375,7.0,26.0,0
2025-07-28T19:00:15,83.735474,-16.217180,1008,1.2500,7.0,23.0,0
2025-07-28T21:00:15,83.728981,-16.170338,1009,1.5000,7.0,23.0,0
2025-07-28T23:00:14,83.722588,-16.119045,1009,1.6875,7.0,21.0,0
2025-07-29T01:00:15,83.715889,-16.062546,1009,1.1250,7.0,24.0,0
2025-07-29T03:00:15,83.708992,-16.008110,1009,1.0000,7.0,25.0,0
2025-07-29T05:00:14,83.701859,-15.958251,1009,1.1250,7.0,24.0,0
2025-07-29T07:00:15,83.695473,-15.915075,1010,1.5000,7.0,24.0,0
2025-07-29T09:00:15,83.690102,-15.874536,1010,2.6250,7.0,24.0,0
2025-07-29T11:00:14,83.684151,-15.821090,1010,2.7500,7.0,29.0,0
2025-07-29T13:00:15,83.677666,-15.761848,1011,3.1250,7.0,22.0,0
2025-07-29T15:00:15,83.670998,-15.704281,1011,3.6875,7.0,21.0,0
2025-07-29T17:00:14,83.664986,-15.665093,1011,3.5000,7.0,24.0,0
2025-07-29T19:00:15,83.659958,-15.639603,1011,2.8125,7.0,23.0,0
2025-07-29T21:00:15,83.655640,-15.613688,1012,1.1875,7.0,26.0,0
2025-07-29T23:00:14,83.651421,-15.577556,1012,0.1250,7.0,31.0,0
2025-07-30T01:00:15,83.647110,-15.525730,1012,0.8125,7.0,28.0,0
2025-07-30T03:00:15,83.641968,-15.459826,1012,0.6875,7.0,28.0,0
2025-07-30T05:00:14,83.635712,-15.400245,1013,1.0625,7.0,25.0,0
2025-07-30T07:00:15,83.629967,-15.356115,1013,1.3125,7.0,26.0,0
2025-07-30T09:00:15,83.626770,-15.305935,1014,1.8750,7.0,26.0,0
2025-07-30T11:00:14,83.624992,-15.225360,1014,2.2500,8.0,26.0,0
2025-07-30T13:00:15,83.621498,-15.129528,1014,2.4375,7.0,28.0,0
2025-07-30T15:00:15,83.616959,-15.036836,1014,2.3125,8.0,22.0,0
2025-07-30T17:00:14,83.614120,-14.964636,1014,2.0000,8.0,23.0,0
2025-07-30T19:00:15,83.611488,-14.915965,1014,1.7500,8.0,24.0,0
2025-07-30T21:00:15,83.609116,-14.888090,1014,1.0625,8.0,26.0,0
2025-07-30T23:00:14,83.607414,-14.861903,1013,0.0625,8.0,28.0,0
2025-07-31T01:00:15,83.605408,-14.821560,1013,-0.1875,8.0,27.0,0
2025-07-31T03:00:15,83.601715,-14.768266,1013,0.1250,8.0,24.0,0
2025-07-31T05:00:14,83.596489,-14.727283,1013,1.7500,8.0,21.0,0
2025-07-31T07:00:15,83.591438,-14.706860,1013,3.6250,8.0,23.0,0
2025-07-31T09:00:15,83.587692,-14.693088,1013,6.4375,8.0,20.0,0
2025-07-31T11:00:14,83.584923,-14.665523,1013,7.3750,8.0,15.0,0
2025-07-31T13:00:15,83.581085,-14.620370,1012,6.6250,8.0,15.0,0
2025-07-31T15:00:15,83.576920,-14.572493,1012,4.8750,8.0,22.0,0
2025-07-31T17:00:14,83.573074,-14.537013,1011,3.2500,8.0,23.0,0
2025-07-31T19:00:15,83.571411,-14.511070,1011,1.9375,8.0,19.0,0
2025-07-31T21:00:15,83.570824,-14.489580,1010,1.0625,8.0,25.0,0
2025-07-31T23:00:14,83.570786,-14.461768,1009,0.8125,9.0,24.0,0
2025-08-01T01:00:15,83.570190,-14.415766,1009,0.4375,9.0,25.0,0
2025-08-01T03:00:15,83.568069,-14.365523,1008,0.5000,9.0,24.0,0
2025-08-01T05:00:14,83.564857,-14.325496,1007,1.3750,9.0,22.0,0
2025-08-01T07:00:15,83.561195,-14.301121,1007,3.2500,9.0,25.0,0
2025-08-01T09:00:15,83.559181,-14.282065,1007,4.2500,9.0,27.0,0
2025-08-01T11:00:14,83.556763,-14.263340,1006,6.9375,9.0,19.0,0
2025-08-01T13:00:15,83.553688,-14.232313,1006,6.3750,9.0,24.0,0
2025-08-01T15:00:15,83.549072,-14.194680,1006,6.0000,9.0,21.0,0
2025-08-01T17:00:14,83.544769,-14.170461,1005,3.6875,10.0,23.0,0
2025-08-01T19:00:15,83.542091,-14.157550,1004,2.1875,10.0,26.0,0
2025-08-01T21:00:14,83.539787,-14.143031,1004,0.5000,10.0,27.0,0
2025-08-01T23:00:15,83.536705,-14.119145,1003,1.4375,10.0,23.0,0
2025-08-02T01:00:15,83.532127,-14.085705,1003,1.5625,10.0,23.0,0
2025-08-02T03:00:14,83.526413,-14.045680,1002,1.2500,10.0,24.0,0
2025-08-02T05:00:15,83.519669,-14.013661,1002,1.4375,10.0,23.0,0
2025-08-02T07:00:15,83.513985,-13.991675,1002,1.6250,10.0,24.0,0
2025-08-02T09:00:14,83.509735,-13.971260,1002,4.0000,10.0,25.0,0
2025-08-02T11:00:15,83.505936,-13.931613,1002,5.3125,10.0,26.0,0
2025-08-02T13:00:15,83.500610,-13.886690,1002,5.8125,10.0,25.0,0
2025-08-02T15:00:14,83.495453,-13.848230,1002,5.8750,11.0,21.0,0
2025-08-02T17:00:15,83.490669,-13.814370,1002,5.3750,11.0,27.0,0
2025-08-02T19:00:15,83.487839,-13.783040,1002,2.5625,11.0,27.0,0
2025-08-02T21:00:14,83.486458,-13.747963,1003,0.6875,11.0,24.0,0
2025-08-02T23:00:15,83.486443,-13.705533,1003,0.0625,11.0,31.0,0
2025-08-03T01:00:15,83.486023,-13.658290,1003,-0.5625,11.0,31.0,0
2025-08-03T03:00:14,83.484589,-13.622450,1002,-0.6250,11.0,29.0,0
2025-08-03T05:00:15,83.484283,-13.596863,1002,0.2500,11.0,32.0,0
2025-08-03T07:00:15,83.488190,-13.578191,1002,0.9375,10.0,28.0,0
2025-08-03T09:00:14,83.495316,-13.543600,1002,2.5000,11.0,22.0,0
2025-08-03T11:00:15,83.503220,-13.468735,1002,3.5000,11.0,25.0,0
2025-08-03T13:00:15,83.506760,-13.370000,1002,4.5000,11.0,23.0,0
2025-08-03T15:00:14,83.506294,-13.284111,1003,4.0625,11.0,23.0,0
2025-08-03T17:00:15,83.507629,-13.230461,1002,2.7500,11.0,26.0,0
2025-08-03T19:00:15,83.516273,-13.184225,1002,2.3750,12.0,24.0,0
2025-08-03T21:00:14,83.532341,-13.117926,1001,2.0000,12.0,26.0,0
2025-08-03T23:00:15,83.548416,-13.006441,1001,1.8750,13.0,27.0,0
2025-08-04T01:00:15,83.558769,-12.860273,1001,1.3125,13.0,23.0,0
2025-08-04T03:00:14,83.565292,-12.729253,1001,1.1250,14.0,25.0,0
2025-08-04T05:00:15,83.572479,-12.634928,1001,0.9375,15.0,26.0,0
2025-08-04T07:00:15,83.583473,-12.570446,1001,1.0625,20.0,19.0,0
2025-08-04T09:00:14,83.595634,-12.475690,1002,1.6250,21.0,21.0,0
2025-08-04T11:00:15,83.603813,-12.313938,1002,1.6250,22.0,18.0,0
2025-08-04T13:00:15,83.607414,-12.167165,1003,1.5625,23.0,15.0,0
2025-08-04T15:00:14,83.609253,-12.072260,1003,2.1250,23.0,15.0,0
2025-08-04T17:00:15,83.611435,-11.984340,1004,2.0000,9.0,38.0,0
2025-08-04T19:00:15,83.614151,-11.902596,1004,2.0000,9.0,45.0,0
2025-08-04T21:00:14,83.618134,-11.832080,1005,1.9375,9.0,44.0,0
2025-08-04T23:00:15,83.622421,-11.746153,1005,1.3750,9.0,44.0,0
2025-08-05T01:00:15,83.624924,-11.651590,1005,0.7500,9.0,42.0,0
2025-08-05T03:00:14,83.621735,-11.555575,1005,0.5625,9.0,41.0,0
2025-08-05T05:00:15,83.618279,-11.502983,1004,0.7500,9.0,44.0,0
2025-08-05T07:00:15,83.617111,-11.468376,1003,1.3750,9.0,43.0,0
2025-08-05T09:00:14,83.619942,-11.432190,1003,1.1875,9.0,37.0,0
2025-08-05T11:00:15,83.624413,-11.390098,1002,0.7500,9.0,40.0,0
2025-08-05T13:00:15,83.627441,-11.349510,1002,0.8125,9.0,31.0,0
2025-08-05T15:00:14,83.627861,-11.328350,1002,0.9375,9.0,36.0,0
2025-08-05T17:00:15,83.628914,-11.318426,1001,1.3750,9.0,39.0,0
2025-08-05T19:00:15,83.634094,-11.323416,1001,1.3750,9.0,39.0,0
2025-08-05T21:00:14,83.642769,-11.309013,1002,0.6875,9.0,40.0,0
2025-08-05T23:00:15,83.652359,-11.265585,1002,1.0625,11.0,38.0,0
2025-08-06T01:00:15,83.659042,-11.211363,1002,0.8125,11.0,41.0,0
2025-08-06T03:00:14,83.661942,-11.190510,1002,0.6875,11.0,37.0,0
2025-08-06T05:00:15,83.666862,-11.187478,1002,0.6250,11.0,40.0,0
2025-08-06T07:00:15,83.675507,-11.172141,1003,0.7500,11.0,39.0,0
2025-08-06T09:00:14,83.684189,-11.131806,1004,1.2500,11.0,37.0,0
2025-08-06T11:00:15,83.693825,-11.090651,1005,1.2500,11.0,35.0,0
2025-08-06T13:00:15,83.702278,-11.042575,1006,1.6875,11.0,33.0,0
2025-08-06T15:00:14,83.709023,-10.994981,1008,2.0000,11.0,39.0,0
2025-08-06T17:00:15,83.713005,-10.975246,1009,2.3125,11.0,34.0,0
2025-08-06T19:00:15,83.718277,-10.999096,1010,2.0000,11.0,38.0,0
2025-08-06T21:00:14,83.727295,-11.042011,1010,1.3750,11.0,37.0,0
2025-08-06T23:00:15,83.737587,-11.079021,1010,1.0000,11.0,34.0,0
2025-08-07T01:00:15,83.747467,-11.097175,1011,1.0625,11.0,35.0,0
2025-08-07T03:00:14,83.754982,-11.102151,1011,1.1250,11.0,34.0,0
2025-08-07T05:00:15,83.760735,-11.129328,1011,1.5000,11.0,33.0,0
2025-08-07T07:00:15,83.766678,-11.176906,1011,2.1875,11.0,33.0,0
2025-08-07T09:00:14,83.773521,-11.231488,1011,2.6250,11.0,33.0,0
2025-08-07T11:00:15,83.780922,-11.283758,1011,2.1250,11.0,33.0,0
2025-08-07T13:00:15,83.788414,-11.336685,1010,2.3125,11.0,27.0,0
2025-08-07T15:00:14,83.793938,-11.394313,1010,3.3125,11.0,29.0,0
2025-08-07T17:00:15,83.798576,-11.473931,1009,3.1875,11.0,31.0,0
2025-08-07T19:00:15,83.802292,-11.568503,1009,2.6250,11.0,31.0,0
2025-08-07T21:00:14,83.806915,-11.688113,1008,1.3125,11.0,30.0,0
2025-08-07T23:00:15,83.813263,-11.801693,1008,1.5000,11.0,31.0,0
2025-08-08T01:00:15,83.821114,-11.899568,1007,1.2500,11.0,29.0,0
2025-08-08T03:00:14,83.827019,-11.988801,1006,0.8750,11.0,31.0,0
2025-08-08T05:00:15,83.829308,-12.081401,1005,0.7500,11.0,34.0,0
2025-08-08T07:00:15,83.831940,-12.186338,1004,0.6250,11.0,26.0,0
2025-08-08T09:00:14,83.837814,-12.309681,1003,0.7500,11.0,24.0,0
2025-08-08T11:00:15,83.844009,-12.420493,1003,1.3125,11.0,24.0,0
2025-08-08T13:00:15,83.848801,-12.519180,1002,1.6250,11.0,23.0,0
2025-08-08T15:00:14,83.851357,-12.618618,1002,1.5000,11.0,18.0,0
2025-08-08T17:00:15,83.849487,-12.705185,1002,1.6875,11.0,16.0,0
2025-08-08T19:00:15,83.845543,-12.763790,1002,1.2500,11.0,16.0,0
2025-08-08T21:00:14,83.843208,-12.804745,1002,0.8750,11.0,16.0,0
2025-08-08T23:00:15,83.841751,-12.855966,1002,0.8125,11.0,17.0,0
2025-08-09T01:00:15,83.839706,-12.911976,1003,0.5000,11.0,15.0,0
2025-08-09T03:00:14,83.837349,-12.970520,1003,0.6875,11.0,20.0,0
2025-08-09T05:00:15,83.835625,-13.023805,1005,1.1250,11.0,21.0,0
2025-08-09T07:00:15,83.832985,-13.065403,1005,1.1875,11.0,17.0,0
2025-08-09T09:00:14,83.829536,-13.108253,1005,1.0625,11.0,18.0,0
2025-08-09T11:00:15,83.826340,-13.149148,1006,1.4375,11.0,15.0,0
2025-08-09T13:00:15,83.822998,-13.192831,1007,1.4375,12.0,18.0,0
2025-08-09T15:00:14,83.820000,-13.231638,1007,2.0000,12.0,17.0,0
2025-08-09T17:00:15,83.816360,-13.259103,1009,3.2500,12.0,18.0,0
2025-08-09T19:00:15,83.812111,-13.280348,1010,1.7500,12.0,24.0,0
2025-08-09T21:00:14,83.807312,-13.299518,1011,1.6250,12.0,19.0,0
2025-08-09T23:00:15,83.802238,-13.331611,1012,1.8125,12.0,19.0,0
2025-08-10T01:00:15,83.797539,-13.361268,1013,1.3125,12.0,22.0,0
2025-08-10T03:00:14,83.794502,-13.389368,1013,1.3125,12.0,22.0,0
2025-08-10T05:00:15,83.791183,-13.418400,1013,1.3125,12.0,22.0,0
2025-08-10T07:00:15,83.786942,-13.444826,1014,1.5000,12.0,17.0,0
2025-08-10T09:00:14,83.781357,-13.467848,1014,1.6875,12.0,16.0,0
2025-08-10T11:00:15,83.775513,-13.503023,1013,1.8125,12.0,12.0,0
2025-08-10T13:00:15,83.771896,-13.547745,1013,1.8750,12.0,16.0,0
2025-08-10T15:00:14,83.770760,-13.592570,1013,2.1875,12.0,17.0,0
2025-08-10T17:00:15,83.771492,-13.627096,1013,2.3125,12.0,15.0,0
2025-08-10T19:00:15,83.771591,-13.637666,1012,1.9375,12.0,18.0,0
2025-08-10T21:00:14,83.770432,-13.652308,1012,1.3750,12.0,17.0,0
2025-08-10T23:00:15,83.769951,-13.675155,1013,1.3750,13.0,19.0,0
2025-08-11T01:00:15,83.772232,-13.698025,1013,0.9375,12.0,16.0,0
2025-08-11T03:00:14,83.776497,-13.707653,1013,0.9375,13.0,14.0,0
2025-08-11T05:00:15,83.779991,-13.707556,1012,0.9375,13.0,14.0,0
2025-08-11T07:00:15,83.780937,-13.716485,1013,1.1875,13.0,14.0,0
2025-08-11T09:00:14,83.779343,-13.722945,1013,1.3750,13.0,11.0,0
2025-08-11T11:00:15,83.778061,-13.743731,1013,1.6875,13.0,14.0,0
2025-08-11T13:00:15,83.779465,-13.769021,1013,1.8125,14.0,9.0,0
2025-08-11T15:00:14,83.782120,-13.780740,1013,2.1250,14.0,5.0,0
2025-08-11T17:00:15,83.783501,-13.794875,1013,1.8750,15.0,11.0,0
2025-08-11T19:00:15,83.784355,-13.826018,1013,1.4375,15.0,9.0,0
2025-08-11T21:00:14,83.783981,-13.856788,1013,1.3750,16.0,7.0,0
2025-08-11T23:00:15,83.782280,-13.883531,1014,1.4375,16.0,11.0,0
2025-08-12T01:00:15,83.780090,-13.909423,1014,1.0000,16.0,7.0,0
2025-08-12T03:00:14,83.778328,-13.933900,1014,1.0625,17.0,9.0,0
2025-08-12T05:00:15,83.775665,-13.957723,1014,1.2500,16.0,7.0,0
2025-08-12T07:00:15,83.771645,-14.000706,1014,1.3125,17.0,11.0,0
2025-08-12T09:00:14,83.766876,-14.046653,1015,1.7500,17.0,9.0,0
2025-08-12T11:00:15,83.762039,-14.080590,1015,1.9375,17.0,9.0,0
2025-08-12T13:00:15,83.757103,-14.095878,1015,2.3125,17.0,8.0,0
2025-08-12T15:00:14,83.751846,-14.107066,1015,2.9375,17.0,9.0,0
2025-08-12T17:00:15,83.747063,-14.133621,1015,2.0000,17.0,8.0,0
2025-08-12T19:00:15,83.741920,-14.154751,1015,1.3750,17.0,9.0,0
2025-08-12T21:00:14,83.735535,-14.159896,1015,1.4375,17.0,13.0,0
2025-08-12T23:00:15,83.727081,-14.164525,1015,1.3750,17.0,13.0,0
2025-08-13T01:00:15,83.719505,-14.182335,1015,0.8125,17.0,13.0,0
2025-08-13T03:00:14,83.715698,-14.206378,1015,0.8125,17.0,14.0,0
2025-08-13T05:00:15,83.713654,-14.216290,1015,0.5000,17.0,17.0,0
2025-08-13T07:00:15,83.710922,-14.205566,1015,0.5000,17.0,21.0,0
2025-08-13T09:00:14,83.705376,-14.191456,1015,1.0000,17.0,15.0,0
2025-08-13T11:00:15,83.697464,-14.187180,1015,2.2500,17.0,9.0,0
2025-08-13T13:00:15,83.689919,-14.192703,1015,2.3125,17.0,10.0,0
2025-08-13T15:00:14,83.683434,-14.196140,1014,1.9375,17.0,22.0,0
2025-08-13T17:00:15,83.676971,-14.201235,1013,1.5625,17.0,15.0,0
2025-08-13T19:00:15,83.669991,-14.207328,1013,1.6250,17.0,15.0,0
2025-08-13T21:00:14,83.660706,-14.207996,1012,1.0625,17.0,14.0,0
2025-08-13T23:00:15,83.648224,-14.198961,1012,1.0625,17.0,26.0,0
2025-08-14T01:00:15,83.634651,-14.188008,1011,0.6250,17.0,17.0,0
2025-08-14T03:00:14,83.621300,-14.181395,1012,0.5000,17.0,29.0,0
2025-08-14T05:00:15,83.608078,-14.164225,1011,0.4375,17.0,30.0,0
2025-08-14T07:00:15,83.592972,-14.131066,1012,0.3750,17.0,29.0,0
2025-08-14T09:00:14,83.574898,-14.093458,1012,0.5000,18.0,34.0,0
2025-08-14T11:00:15,83.554947,-14.056848,1012,0.6250,18.0,30.0,0
2025-08-14T13:00:15,83.535126,-14.025808,1011,0.5625,18.0,30.0,0
2025-08-14T15:00:14,83.516907,-13.996793,1011,0.5625,18.0,35.0,0
2025-08-14T17:00:15,83.498367,-13.964175,1011,0.5625,18.0,32.0,0
2025-08-14T19:00:15,83.478546,-13.930013,1010,0.3125,18.0,36.0,0
2025-08-14T21:00:14,83.459732,-13.914485,1009,0.1875,18.0,30.0,0
2025-08-14T23:00:15,83.441048,-13.901031,1009,0.3750,18.0,33.0,0
2025-08-15T01:00:15,83.423508,-13.880396,1008,0.1875,18.0,40.0,0
2025-08-15T03:00:14,83.407822,-13.860443,1006,0.0000,18.0,42.0,0
2025-08-15T05:00:15,83.393448,-13.834283,1005,0.0000,18.0,48.0,0
2025-08-15T07:00:15,83.380386,-13.799365,1005,0.1250,18.0,33.0,0
2025-08-15T09:00:14,83.366600,-13.757796,1004,0.3125,18.0,40.0,0
2025-08-15T11:00:15,83.351341,-13.711741,1004,0.6875,18.0,42.0,0
2025-08-15T13:00:15,83.335793,-13.668545,1004,0.5625,18.0,30.0,0
2025-08-15T15:00:14,83.320961,-13.624831,1004,0.5625,18.0,36.0,0
2025-08-15T17:00:15,83.306984,-13.576525,1003,0.5000,18.0,30.0,0
2025-08-15T19:00:15,83.292892,-13.519136,1003,0.6875,18.0,35.0,0
2025-08-15T21:00:14,83.276382,-13.460628,1003,0.1250,18.0,46.0,0
2025-08-15T23:00:15,83.257812,-13.398368,1003,0.1250,18.0,36.0,0
2025-08-16T01:00:15,83.237907,-13.345593,1004,-0.1250,18.0,38.0,0
2025-08-16T03:00:14,83.217911,-13.294380,1004,-0.1875,18.0,42.0,0
2025-08-16T05:00:15,83.199829,-13.246025,1004,-0.0625,18.0,38.0,0
2025-08-16T07:00:15,83.183952,-13.206688,1004,-0.0625,18.0,41.0,0
2025-08-16T09:00:14,83.169991,-13.170406,1005,0.0625,18.0,42.0,0
2025-08-16T11:00:15,83.156387,-13.122303,1006,0.2500,18.0,40.0,0
2025-08-16T13:00:15,83.140656,-13.062260,1007,0.3750,18.0,40.0,0
2025-08-16T15:00:14,83.121849,-13.006970,1008,0.4375,18.0,32.0,0
2025-08-16T17:00:15,83.102646,-12.968041,1009,0.4375,18.0,35.0,0
2025-08-16T19:00:15,83.084763,-12.943463,1010,0.1875,18.0,40.0,0
2025-08-16T21:00:14,83.067215,-12.934890,1011,0.1250,18.0,39.0,0
2025-08-16T23:00:15,83.051445,-12.920423,1012,0.6250,6.0,45.0,0
2025-08-17T01:00:15,83.035812,-12.872386,1013,0.0625,6.0,44.0,0
2025-08-17T03:00:14,83.018578,-12.825706,1013,-0.0625,6.0,45.0,0
2025-08-17T05:00:15,82.999374,-12.804293,1014,0.0625,6.0,50.0,0
2025-08-17T07:00:15,82.981728,-12.803635,1015,0.1250,6.0,48.0,0
2025-08-17T09:00:14,82.966499,-12.810668,1016,0.4375,6.0,39.0,0
2025-08-17T11:00:15,82.952209,-12.812855,1017,0.9375,6.0,45.0,0
2025-08-17T13:00:15,82.936890,-12.800525,1018,1.4375,6.0,45.0,0
2025-08-17T15:00:14,82.918396,-12.793750,1019,1.1250,6.0,42.0,0
2025-08-17T17:00:15,82.898155,-12.819411,1019,0.7500,6.0,40.0,0
2025-08-17T19:00:15,82.879967,-12.859333,1020,0.4375,6.0,45.0,0
2025-08-17T21:00:14,82.864449,-12.903018,1020,0.0000,6.0,47.0,0
2025-08-17T23:00:15,82.851898,-12.935525,1020,0.3750,6.0,46.0,0
2025-08-18T01:00:15,82.839981,-12.932040,1020,0.2500,6.0,42.0,0
2025-08-18T03:00:14,82.827286,-12.895898,1020,0.2500,6.0,45.0,0
2025-08-18T05:00:15,82.812164,-12.851985,1019,0.0625,6.0,46.0,0
2025-08-18T07:00:15,82.795990,-12.828906,1019,0.3125,6.0,42.0,0
2025-08-18T09:00:14,82.781380,-12.823173,1019,1.0625,6.0,43.0,0
2025-08-18T11:00:15,82.772675,-12.822576,1018,1.6250,6.0,42.0,0
2025-08-18T13:00:15,82.765114,-12.818398,1018,2.6250,6.0,47.0,0
2025-08-18T15:00:14,82.755348,-12.821006,1017,3.4375,6.0,39.0,0
2025-08-18T17:00:15,82.744522,-12.818401,1017,3.0625,5.0,42.0,0
2025-08-18T19:00:15,82.734215,-12.816091,1016,3.0625,5.0,39.0,0
2025-08-18T21:00:14,82.725601,-12.825403,1017,0.8750,5.0,43.0,0
2025-08-18T23:00:15,82.717987,-12.846728,1017,0.2500,5.0,42.0,0
2025-08-19T01:00:15,82.710030,-12.859386,1018,-0.5625,5.0,45.0,0
2025-08-19T03:00:14,82.695580,-12.832926,1019,0.3750,5.0,43.0,0
2025-08-19T05:00:15,82.673080,-12.795235,1020,0.0625,5.0,43.0,0
2025-08-19T07:00:15,82.648094,-12.757075,1020,-0.1875,5.0,43.0,0
2025-08-19T09:00:14,82.625870,-12.737515,1021,0.1875,5.0,38.0,0
2025-08-19T11:00:15,82.606476,-12.721678,1023,0.6250,5.0,37.0,0
2025-08-19T13:00:15,82.588867,-12.695025,1023,0.7500,5.0,41.0,0
2025-08-19T15:00:14,82.571915,-12.649371,1025,0.8125,5.0,34.0,0
2025-08-19T17:00:15,82.555573,-12.591833,1025,0.6250,5.0,36.0,0
2025-08-19T19:00:15,82.540443,-12.533470,1026,-0.1875,5.0,41.0,0
2025-08-19T21:00:14,82.527473,-12.481945,1026,-1.0000,5.0,36.0,0
2025-08-19T23:00:15,82.518593,-12.435003,1027,-1.8125,5.0,39.0,0
2025-08-20T01:00:15,82.511696,-12.377233,1026,-2.8125,5.0,37.0,0
2025-08-20T03:00:14,82.504173,-12.309203,1026,-3.3125,5.0,43.0,0
2025-08-20T05:00:15,82.495110,-12.222938,1025,-2.8750,5.0,38.0,0
2025-08-20T07:00:15,82.484055,-12.133696,1025,-1.8750,4.0,37.0,0
2025-08-20T09:00:15,82.473709,-12.059048,1024,-0.0625,4.0,37.0,0
2025-08-20T11:00:14,82.465424,-11.994768,1024,2.1250,4.0,38.0,0
2025-08-20T13:00:15,82.458710,-11.910143,1024,3.7500,4.0,35.0,0
2025-08-20T15:00:15,82.451775,-11.812941,1024,5.3125,4.0,36.0,0
2025-08-20T17:00:14,82.442657,-11.707725,1024,3.3125,4.0,35.0,0
2025-08-20T19:00:15,82.433716,-11.618131,1023,1.5625,4.0,39.0,0
2025-08-20T21:00:15,82.426926,-11.537496,1023,-0.1875,4.0,39.0,0
2025-08-20T23:00:14,82.423088,-11.457201,1022,-1.1875,4.0,38.0,0
2025-08-21T01:00:15,82.423416,-11.369705,1021,-1.8750,4.0,36.0,0
2025-08-21T03:00:15,82.425537,-11.272618,1021,-2.0000,4.0,40.0,0
2025-08-21T05:00:14,82.426308,-11.150760,1020,-1.7500,4.0,44.0,0
2025-08-21T07:00:15,82.425087,-11.002206,1019,-1.2500,4.0,40.0,0
2025-08-21T09:00:15,82.424156,-10.845598,1018,-0.5625,4.0,41.0,0
2025-08-21T11:00:14,82.422058,-10.661246,1018,0.6250,4.0,40.0,0
2025-08-21T13:00:15,82.418533,-10.480815,1017,1.5625,4.0,43.0,0
2025-08-21T15:00:15,82.412498,-10.302768,1016,2.3750,4.0,46.0,0
2025-08-21T17:00:14,82.406570,-10.156165,1015,1.8125,4.0,37.0,0
2025-08-21T19:00:15,82.401680,-10.020086,1015,0.6875,4.0,38.0,0
2025-08-21T21:00:15,82.398109,-9.873635,1014,-0.1875,4.0,40.0,0
2025-08-21T23:00:14,82.394669,-9.722703,1013,-0.6250,4.0,43.0,0
2025-08-22T01:00:15,82.391670,-9.570735,1013,-1.3125,4.0,42.0,0
2025-08-22T03:00:15,82.385315,-9.444021,1013,-1.1250,4.0,41.0,0
2025-08-22T05:00:14,82.379501,-9.337126,1013,-0.7500,4.0,40.0,0
2025-08-22T07:00:15,82.374954,-9.235808,1013,-0.1875,4.0,43.0,0
2025-08-22T09:00:15,82.369850,-9.125621,1014,-0.1875,4.0,46.0,0
2025-08-22T11:00:14,82.363098,-9.002403,1014,2.0625,4.0,41.0,0
2025-08-22T13:00:15,82.353302,-8.910263,1014,2.2500,4.0,43.0,0
2025-08-22T15:00:15,82.343063,-8.833571,1015,1.8750,4.0,40.0,0
2025-08-22T17:00:14,82.333527,-8.758073,1014,1.8125,4.0,37.0,0
2025-08-22T19:00:15,82.321976,-8.679801,1015,0.8125,3.0,41.0,0
2025-08-22T21:00:15,82.310562,-8.595181,1015,0.4375,4.0,41.0,0
2025-08-22T23:00:14,82.301804,-8.503438,1015,0.2500,3.0,39.0,0
2025-08-23T01:00:15,82.295181,-8.418088,1014,-0.8125,3.0,41.0,0
2025-08-23T03:00:15,82.289627,-8.339256,1014,-0.6250,3.0,42.0,0
2025-08-23T05:00:14,82.283539,-8.269770,1014,-0.3750,3.0,40.0,0
2025-08-23T07:00:15,82.276108,-8.206223,1014,-0.1250,3.0,39.0,0
2025-08-23T09:00:15,82.268059,-8.157500,1014,0.5000,3.0,42.0,0
2025-08-23T11:00:14,82.262444,-8.118155,1014,0.6875,3.0,38.0,0
2025-08-23T13:00:15,82.259018,-8.081921,1014,0.7500,3.0,39.0,0
2025-08-23T15:00:15,82.257240,-8.046530,1014,0.5625,3.0,43.0,0
2025-08-23T17:00:14,82.255974,-8.011466,1013,0.1875,3.0,40.0,0
2025-08-23T19:00:15,82.252121,-7.960291,1013,0.0000,3.0,49.0,0
2025-08-23T21:00:15,82.246208,-7.907130,1013,-0.0625,3.0,44.0,0
2025-08-23T23:00:14,82.240860,-7.877233,1013,0.0625,3.0,44.0,0
2025-08-24T01:00:15,82.239265,-7.848390,1013,-0.1875,3.0,45.0,0
2025-08-24T03:00:15,82.239853,-7.815715,1013,-0.2500,3.0,47.0,0
2025-08-24T05:00:14,82.240311,-7.768031,1012,-0.3125,3.0,42.0,0
2025-08-24T07:00:15,82.238792,-7.720475,1011,-0.3125,3.0,42.0,0
2025-08-24T09:00:15,82.236389,-7.674521,1012,-0.1875,3.0,47.0,0
2025-08-24T11:00:14,82.234756,-7.624923,1011,0.0000,3.0,51.0,0
2025-08-24T13:00:15,82.234024,-7.575000,1010,0.2500,3.0,48.0,0
2025-08-24T15:00:15,82.234009,-7.527860,1010,0.3750,3.0,44.0,0
2025-08-24T17:00:14,82.233017,-7.483460,1010,0.4375,3.0,48.0,0
2025-08-24T19:00:15,82.230949,-7.443513,1010,0.4375,3.0,41.0,0
2025-08-24T21:00:15,82.229324,-7.402963,1010,0.1250,3.0,44.0,0
2025-08-24T23:00:14,82.229019,-7.362196,1010,0.0625,3.0,48.0,0
2025-08-25T01:00:15,82.232117,-7.330500,1009,-0.2500,3.0,43.0,0
2025-08-25T03:00:15,82.238770,-7.304575,1009,-1.1875,3.0,38.0,0
2025-08-25T05:00:14,82.248703,-7.265341,1008,-1.5000,3.0,41.0,0
2025-08-25T07:00:15,82.261063,-7.203116,1008,-1.1250,3.0,38.0,0
2025-08-25T09:00:15,82.272949,-7.111051,1008,-0.8750,3.0,42.0,0
2025-08-25T11:00:14,82.282578,-7.003033,1008,-0.5000,3.0,41.0,0
2025-08-25T13:00:15,82.294037,-6.918895,1008,-0.7500,3.0,43.0,0
2025-08-25T15:00:15,82.308586,-6.850973,1007,-0.4375,3.0,41.0,0
2025-08-25T17:00:14,82.325615,-6.786685,1007,-0.1875,3.0,36.0,0
2025-08-25T19:00:15,82.345177,-6.722250,1006,-0.3750,3.0,32.0,0
2025-08-25T21:00:15,82.364685,-6.611823,1005,-0.6875,3.0,27.0,0
2025-08-25T23:00:14,82.378227,-6.477465,1005,-0.6250,3.0,38.0,0
2025-08-26T01:00:15,82.388390,-6.358846,1004,-1.1875,3.0,30.0,0
2025-08-26T03:00:15,82.399185,-6.270566,1004,-1.2500,3.0,38.0,0
2025-08-26T05:00:14,82.413414,-6.192285,1003,-1.1250,3.0,36.0,0
2025-08-26T07:00:15,82.427963,-6.110050,1003,-1.0625,3.0,40.0,0
2025-08-26T09:00:15,82.440155,-6.001466,1003,-0.8125,3.0,35.0,0
2025-08-26T11:00:14,82.450974,-5.853536,1003,-0.6250,3.0,31.0,0
2025-08-26T13:00:15,82.458633,-5.698078,1003,0.1875,3.0,25.0,0
2025-08-26T15:00:15,82.460312,-5.574416,1003,0.3750,3.0,26.0,0
2025-08-26T17:00:14,82.461479,-5.492453,1003,-0.1875,2.0,14.0,0
2025-08-26T19:00:15,82.464897,-5.433015,1003,-0.2500,2.0,18.0,0
2025-08-26T21:00:15,82.468521,-5.348503,1003,-0.2500,2.0,16.0,0
2025-08-26T23:00:14,82.468544,-5.223150,1003,-0.3125,2.0,12.0,0
2025-08-27T01:00:15,82.461632,-5.093493,1003,-0.1250,2.0,8.0,0
2025-08-27T03:00:15,82.449982,-4.994278,1003,-0.5000,2.0,10.0,0
2025-08-27T05:00:14,82.439781,-4.968380,1004,-0.8125,2.0,12.0,0
2025-08-27T07:00:15,82.436073,-4.929345,1005,-2.0625,2.0,14.0,0
2025-08-27T09:00:15,82.432182,-4.855865,1005,0.8125,2.0,14.0,0
2025-08-27T11:00:14,82.423347,-4.756740,1005,0.9375,2.0,13.0,0
2025-08-27T13:00:15,82.408546,-4.667283,1005,1.2500,2.0,7.0,0
2025-08-27T15:00:15,82.392082,-4.602320,1006,1.8750,2.0,9.0,0
2025-08-27T17:00:14,82.376801,-4.572600,1006,1.3750,2.0,11.0,0
2025-08-27T19:00:15,82.364670,-4.569890,1005,0.0625,2.0,9.0,0
2025-08-27T21:00:15,82.353477,-4.548330,1005,-1.4375,2.0,13.0,0
2025-08-27T23:00:14,82.340012,-4.506708,1004,-2.1875,2.0,14.0,0
2025-08-28T01:00:15,82.324539,-4.451790,1004,-2.4375,2.0,13.0,0
2025-08-28T03:00:15,82.308350,-4.432801,1003,-2.5625,2.0,14.0,0
2025-08-28T05:00:15,82.296677,-4.437688,1002,-2.1250,2.0,15.0,0
2025-08-28T07:00:14,82.288353,-4.439783,1002,-1.5625,2.0,14.0,0
2025-08-28T09:00:15,82.281799,-4.429185,1001,-1.2500,2.0,18.0,0
2025-08-28T11:00:15,82.274895,-4.396135,1001,-0.6875,2.0,21.0,0
2025-08-28T13:00:14,82.267075,-4.345580,1000,-0.3750,2.0,12.0,0
2025-08-28T15:00:15,82.256783,-4.293896,999,0.0000,2.0,21.0,0
2025-08-28T17:00:15,82.251007,-4.277120,998,0.0625,2.0,25.0,0
2025-08-28T19:00:14,82.252533,-4.271396,998,0.0000,2.0,13.0,0
2025-08-28T21:00:15,82.256203,-4.242920,997,-0.1875,2.0,14.0,0
2025-08-28T23:00:15,82.258652,-4.209840,996,-0.0625,2.0,12.0,0
2025-08-29T01:00:14,82.257896,-4.187026,995,-0.1875,2.0,13.0,0
2025-08-29T03:00:15,82.255493,-4.161901,994,-0.1875,2.0,48.0,0
2025-08-29T05:00:15,82.254539,-4.140348,994,-0.1250,2.0,28.0,0
2025-08-29T07:00:14,82.253494,-4.103038,995,0.0000,2.0,22.0,0
2025-08-29T09:00:15,82.250351,-4.038571,996,0.0000,2.0,16.0,0
2025-08-29T11:00:15,82.244408,-3.956958,997,0.0625,2.0,15.0,0
2025-08-29T13:00:14,82.236992,-3.878183,999,0.1875,2.0,18.0,0
2025-08-29T15:00:15,82.228462,-3.817453,1001,0.0625,2.0,15.0,0
2025-08-29T17:00:15,82.222694,-3.794168,1003,0.1875,2.0,12.0,0
2025-08-29T19:00:14,82.222046,-3.778215,1005,0.1250,2.0,15.0,0
2025-08-29T21:00:15,82.225288,-3.756008,1007,-0.8750,2.0,11.0,0
2025-08-29T23:00:15,82.228447,-3.691451,1008,-0.6875,2.0,16.0,0
2025-08-30T01:00:14,82.228844,-3.615310,1009,-0.6875,2.0,12.0,0
2025-08-30T03:00:15,82.229965,-3.553185,1010,-1.3750,2.0,11.0,0
2025-08-30T05:00:15,82.233490,-3.512483,1011,-2.3750,2.0,15.0,0
2025-08-30T07:00:14,82.244347,-3.485971,1012,-2.4375,2.0,18.0,0
2025-08-30T09:00:15,82.258179,-3.415055,1012,-2.0000,2.0,17.0,0
2025-08-30T11:00:15,82.268456,-3.307556,1013,-1.6875,2.0,21.0,0
2025-08-30T13:00:14,82.275658,-3.209726,1013,-1.3750,2.0,26.0,0
2025-08-30T15:00:15,82.283043,-3.139825,1012,-1.0625,2.0,24.0,0
2025-08-30T17:00:15,82.288986,-3.097410,1012,-1.1250,2.0,27.0,0
2025-08-30T19:00:14,82.304459,-3.050996,1011,-1.5625,2.0,23.0,0
2025-08-30T21:00:15,82.325676,-2.955763,1011,-0.8750,2.0,18.0,0
2025-08-30T23:00:15,82.342888,-2.808726,1012,-0.3750,2.0,34.0,0
2025-08-31T01:00:14,82.346382,-2.668698,1012,-0.3750,2.0,26.0,0
2025-08-31T03:00:15,82.350449,-2.608268,1012,-0.2500,2.0,11.0,0
2025-08-31T05:00:15,82.363220,-2.564505,1012,-0.1875,2.0,43.0,0
2025-08-31T07:00:14,82.390068,-2.488735,1012,0.0625,2.0,36.0,0
2025-08-31T09:00:15,82.415764,-2.330883,1013,0.5000,2.0,13.0,0
2025-08-31T11:00:15,82.426323,-2.152475,1014,0.7500,2.0,18.0,0
2025-08-31T13:00:14,82.424461,-2.036911,1014,0.7500,2.0,34.0,0
2025-08-31T15:00:15,82.425140,-2.013208,1014,0.7500,2.0,20.0,0
2025-08-31T17:00:15,82.432098,-2.024466,1014,0.4375,2.0,17.0,0
2025-08-31T19:00:14,82.447929,-2.020848,1014,-0.2500,2.0,18.0,0
2025-08-31T21:00:15,82.465790,-1.952163,1014,-0.5625,2.0,18.0,0
2025-08-31T23:00:15,82.475517,-1.819335,1014,-0.4375,2.0,14.0,0
2025-09-01T01:00:14,82.476898,-1.689796,1013,-0.8125,2.0,35.0,0
2025-09-01T03:00:15,82.474472,-1.602090,1013,-1.0625,2.0,28.0,0
2025-09-01T05:00:15,82.474464,-1.581766,1012,-1.0000,2.0,13.0,0
2025-09-01T07:00:14,82.485771,-1.552025,1012,-0.6875,2.0,18.0,0
2025-09-01T09:00:15,82.499290,-1.466368,1012,-0.5000,2.0,26.0,0
2025-09-01T11:00:15,82.502411,-1.312130,1012,-0.0625,2.0,23.0,0
2025-09-01T13:00:14,82.494766,-1.210370,1011,-0.0625,2.0,27.0,0
2025-09-01T15:00:15,82.486465,-1.179833,1011,0.0000,2.0,11.0,0
2025-09-01T17:00:15,82.486298,-1.147951,1011,-0.1875,2.0,23.0,0
2025-09-01T19:00:14,82.491508,-1.101488,1011,-0.6875,2.0,22.0,0
2025-09-01T21:00:15,82.501427,-1.020955,1011,-1.1875,2.0,28.0,0
2025-09-01T23:00:15,82.506348,-0.875511,1012,-1.1875,2.0,33.0,0
2025-09-02T01:00:14,82.503487,-0.740153,1011,-1.4375,2.0,37.0,0
2025-09-02T03:00:15,82.496437,-0.684488,1011,-1.2500,2.0,37.0,0
2025-09-02T05:00:15,82.497055,-0.688458,1011,-1.1250,2.0,34.0,0
2025-09-02T07:00:14,82.508141,-0.677686,1010,-1.0000,2.0,29.0,0
2025-09-02T09:00:15,82.523598,-0.600273,1010,-0.7500,2.0,27.0,0
2025-09-02T11:00:15,82.533203,-0.480616,1010,-0.3125,2.0,31.0,0
2025-09-02T13:00:14,82.535316,-0.366848,1010,0.0625,2.0,27.0,0
2025-09-02T15:00:15,82.534416,-0.312556,1009,0.1875,2.0,33.0,0
2025-09-02T17:00:15,82.535492,-0.294316,1009,0.1250,2.0,44.0,0
2025-09-02T19:00:14,82.540924,-0.274993,1008,-0.1250,2.0,28.0,0
2025-09-02T21:00:15,82.551231,-0.209291,1008,-0.3125,2.0,36.0,0
2025-09-02T23:00:15,82.558434,-0.078723,1009,-0.0625,2.0,34.0,0
2025-09-03T01:00:14,82.555298,0.078471,1008,-0.3125,2.0,24.0,0
2025-09-03T03:00:15,82.545433,0.184921,1008,-0.3750,2.0,12.0,0
2025-09-03T05:00:15,82.537201,0.232820,1008,-0.2500,2.0,11.0,0
2025-09-03T07:00:14,82.537735,0.270041,1008,-0.1250,2.0,14.0,0
2025-09-03T09:00:15,82.543175,0.359131,1009,0.1875,2.0,17.0,0
2025-09-03T11:00:15,82.547516,0.503275,1009,0.2500,2.0,14.0,0
2025-09-03T13:00:14,82.544243,0.646813,1009,0.5625,2.0,19.0,0
2025-09-03T15:00:15,82.536240,0.736311,1009,0.5000,2.0,29.0,0
2025-09-03T17:00:15,82.533966,0.759226,1009,0.5000,2.0,22.0,0
2025-09-03T19:00:14,82.540504,0.774938,1009,0.0625,2.0,29.0,0
2025-09-03T21:00:15,82.552032,0.845035,1009,-0.1875,2.0,35.0,0
2025-09-03T23:00:15,82.558769,0.977306,1010,-0.1250,2.0,28.0,0
2025-09-04T01:00:14,82.557632,1.092316,1010,-0.3125,2.0,36.0,0
2025-09-04T03:00:15,82.553795,1.146930,1010,-0.3750,2.0,47.0,0
2025-09-04T05:00:15,82.554924,1.147053,1010,-0.4375,2.0,41.0,0
2025-09-04T07:00:14,82.562340,1.156161,1011,0.1250,2.0,28.0,0
2025-09-04T09:00:15,82.574776,1.194558,1011,1.0625,2.0,34.0,0
2025-09-04T11:00:15,82.583542,1.282901,1011,0.4375,2.0,40.0,0
2025-09-04T13:00:14,82.583710,1.369466,1012,-0.3750,2.0,48.0,0
2025-09-04T15:00:15,82.576996,1.395313,1012,-0.6250,2.0,29.0,0
2025-09-04T17:00:15,82.569664,1.332168,1012,-0.4375,2.0,31.0,0
2025-09-04T19:00:14,82.568855,1.244610,1013,-0.5625,2.0,31.0,0
2025-09-04T21:00:15,82.574516,1.207083,1013,-0.6875,2.0,37.0,0
2025-09-04T23:00:15,82.577187,1.252543,1013,-0.4375,2.0,28.0,0
2025-09-05T01:00:14,82.568924,1.320988,1013,-0.9375,2.0,29.0,0
2025-09-05T03:00:15,82.554047,1.336565,1013,-1.0000,2.0,33.0,0
2025-09-05T05:00:15,82.541664,1.297221,1014,-1.0625,2.0,33.0,0
2025-09-05T07:00:14,82.537888,1.243556,1014,-1.0000,2.0,29.0,0
2025-09-05T09:00:15,82.540321,1.237220,1014,-0.9375,2.0,29.0,0
2025-09-05T11:00:15,82.541298,1.288216,1014,-0.6250,2.0,32.0,0
2025-09-05T13:00:14,82.536652,1.320846,1014,-0.5000,2.0,37.0,0
2025-09-05T15:00:15,82.528221,1.327981,1014,-0.5000,2.0,34.0,0
2025-09-05T17:00:15,82.524483,1.262558,1014,-0.3750,2.0,28.0,0
2025-09-05T19:00:14,82.527519,1.184230,1014,-0.5000,2.0,14.0,0
2025-09-05T21:00:15,82.534851,1.156995,1014,-0.5000,2.0,16.0,0
2025-09-05T23:00:15,82.540016,1.193588,1014,-0.4375,2.0,24.0,0
2025-09-06T01:00:14,82.537590,1.239073,1014,-0.7500,2.0,40.0,0
2025-09-06T03:00:15,82.529663,1.239130,1014,-1.0625,2.0,39.0,0
2025-09-06T05:00:15,82.525078,1.171778,1014,-0.8750,2.0,41.0,0
2025-09-06T07:00:14,82.526932,1.101705,1015,-0.6875,2.0,39.0,0
2025-09-06T09:00:15,82.535950,1.096408,1015,-0.5000,2.0,36.0,0
2025-09-06T11:00:15,82.542809,1.153396,1015,-0.3125,2.0,35.0,0
2025-09-06T13:00:14,82.544357,1.195770,1016,-0.3125,2.0,35.0,0
2025-09-06T15:00:15,82.544342,1.209971,1016,-0.3125,2.0,37.0,0
2025-09-06T17:00:15,82.544388,1.166501,1017,-0.5625,2.0,43.0,0
2025-09-06T19:00:14,82.550858,1.121066,1017,-0.8750,2.0,22.0,0
2025-09-06T21:00:15,82.561035,1.106023,1018,-1.2500,2.0,17.0,0
2025-09-06T23:00:15,82.572411,1.170706,1018,-1.3125,2.0,15.0,0
2025-09-07T01:00:14,82.576408,1.264856,1018,-1.6250,2.0,12.0,0
2025-09-07T03:00:15,82.576584,1.320868,1018,-1.6250,2.0,10.0,0
2025-09-07T05:00:15,82.579315,1.308751,1018,-1.5625,2.0,20.0,0
2025-09-07T07:00:14,82.588089,1.296815,1018,-1.3125,2.0,36.0,0
2025-09-07T09:00:15,82.602081,1.325886,1017,-0.9375,2.0,31.0,0
2025-09-07T11:00:15,82.612846,1.406351,1016,-0.6875,2.0,40.0,0
2025-09-07T13:00:14,82.615517,1.494971,1014,-0.6250,2.0,46.0,0
2025-09-07T15:00:15,82.612556,1.509568,1012,-0.5625,2.0,40.0,0
2025-09-07T17:00:15,82.609848,1.460015,1011,-0.6875,2.0,30.0,0
2025-09-07T19:00:14,82.611748,1.413628,1010,-1.2500,2.0,21.0,0
2025-09-07T21:00:15,82.615265,1.427033,1011,-1.9375,2.0,22.0,0
2025-09-07T23:00:15,82.615891,1.502800,1012,-2.1875,2.0,22.0,0
2025-09-08T01:00:14,82.612831,1.613561,1013,-2.3125,2.0,21.0,0
2025-09-08T03:00:15,82.608078,1.688266,1013,-2.9375,2.0,16.0,0
2025-09-08T05:00:15,82.606834,1.713481,1013,-3.1875,2.0,18.0,0
2025-09-08T07:00:15,82.609001,1.739778,1013,-3.0625,2.0,21.0,0
2025-09-08T09:00:14,82.615715,1.779650,1013,-1.8750,2.0,15.0,0
2025-09-08T11:00:15,82.620544,1.901155,1014,-1.5625,2.0,14.0,0
2025-09-08T13:00:15,82.616203,2.047521,1014,-1.3125,2.0,21.0,0
2025-09-08T15:00:14,82.605202,2.144513,1015,-1.5625,2.0,18.0,0
2025-09-08T17:00:15,82.594810,2.179645,1016,-1.8750,2.0,19.0,0
2025-09-08T19:00:15,82.590385,2.174436,1016,-2.6875,2.0,15.0,0
2025-09-08T21:00:15,82.586113,2.209616,1017,-2.7500,2.0,12.0,0
2025-09-08T23:00:14,82.578918,2.280476,1018,-2.5000,2.0,31.0,0
2025-09-09T01:00:15,82.569519,2.362486,1018,-3.7500,2.0,26.0,0
2025-09-09T03:00:15,82.556458,2.436418,1018,-4.1875,2.0,14.0,0
2025-09-09T05:00:15,82.543533,2.475285,1018,-4.1250,2.0,15.0,0
2025-09-09T07:00:14,82.534264,2.457263,1017,-3.7500,2.0,13.0,0
2025-09-09T09:00:15,82.532455,2.435943,1017,-3.1250,2.0,18.0,0
2025-09-09T11:00:15,82.534065,2.482170,1016,-2.5625,2.0,32.0,0
2025-09-09T13:00:15,82.528282,2.544935,1015,-2.0000,2.0,23.0,0
2025-09-09T15:00:14,82.518806,2.550776,1013,-1.3750,2.0,14.0,0
2025-09-09T17:00:15,82.510986,2.497100,1010,-1.0625,2.0,40.0,0
2025-09-09T19:00:15,82.510612,2.451286,1008,-0.9375,2.0,45.0,0
2025-09-09T21:00:14,82.516792,2.488878,1007,-0.8125,2.0,39.0,0
2025-09-09T23:00:15,82.518112,2.598893,1005,-0.5000,2.0,18.0,0
2025-09-10T01:00:15,82.511322,2.727893,1004,-0.6250,2.0,17.0,0
2025-09-10T03:00:14,82.501328,2.806113,1003,-0.5625,2.0,15.0,0
2025-09-10T05:00:15,82.495178,2.879368,1003,-0.5000,2.0,14.0,0
2025-09-10T07:00:15,82.488205,2.961461,1005,-0.8125,2.0,13.0,0
2025-09-10T09:00:14,82.475464,3.035261,1006,-1.0625,2.0,11.0,0
2025-09-10T11:00:15,82.460999,3.060886,1007,-0.8125,2.0,21.0,0
2025-09-10T13:00:15,82.449959,3.039286,1007,-1.1250,2.0,9.0,0
2025-09-10T15:00:14,82.445541,3.026845,1007,-1.5000,2.0,9.0,0
2025-09-10T17:00:15,82.443771,3.039970,1008,-1.5625,2.0,14.0,0
2025-09-10T19:00:15,82.441574,3.046621,1008,-1.7500,2.0,12.0,0
2025-09-10T21:00:14,82.435806,3.059961,1009,-1.9375,2.0,18.0,0
2025-09-10T23:00:15,82.427628,3.031733,1009,-1.8125,2.0,25.0,0
2025-09-11T01:00:15,82.424072,3.009035,1009,-2.2500,2.0,22.0,0
2025-09-11T03:00:15,82.422653,3.008151,1009,-2.3125,2.0,29.0,0
2025-09-11T05:00:14,82.421707,3.010236,1010,-2.1250,2.0,28.0,0
2025-09-11T07:00:15,82.417809,2.998721,1011,-2.0000,2.0,23.0,0
2025-09-11T09:00:15,82.408890,2.979816,1013,-1.8125,2.0,31.0,0
2025-09-11T11:00:14,82.394302,2.930368,1015,-1.6875,2.0,29.0,0
2025-09-11T13:00:15,82.380814,2.872960,1017,-1.8750,2.0,26.0,0
2025-09-11T15:00:15,82.371140,2.819420,1018,-2.4375,2.0,35.0,0
2025-09-11T17:00:15,82.367783,2.794123,1019,-3.1250,2.0,26.0,0
2025-09-11T19:00:14,82.363953,2.814206,1021,-3.8125,2.0,22.0,0
2025-09-11T21:00:15,82.354546,2.840901,1022,-4.5000,2.0,19.0,0
2025-09-11T23:00:15,82.344612,2.869141,1022,-4.5000,2.0,21.0,0
2025-09-12T01:00:15,82.335197,2.895370,1022,-5.1250,2.0,17.0,0
2025-09-12T03:00:15,82.330582,2.906866,1022,-5.1250,2.0,16.0,0
2025-09-12T05:00:14,82.331375,2.950893,1022,-5.0000,2.0,23.0,0
2025-09-12T07:00:15,82.332489,3.002363,1023,-4.8750,2.0,20.0,0
2025-09-12T09:00:15,82.330315,3.037323,1022,-4.2500,2.0,21.0,0
2025-09-12T11:00:15,82.327126,3.089073,1022,-3.6250,2.0,18.0,0
2025-09-12T13:00:14,82.321976,3.113455,1022,-3.1250,2.0,11.0,0
2025-09-12T15:00:15,82.320992,3.124078,1022,-3.2500,2.0,14.0,0
2025-09-12T17:00:15,82.323624,3.174086,1021,-3.4375,2.0,26.0,0
2025-09-12T19:00:15,82.326843,3.227775,1021,-3.4375,2.0,15.0,0
2025-09-12T21:00:14,82.325325,3.307918,1021,-3.2500,2.0,11.0,0
2025-09-12T23:00:15,82.313019,3.350478,1021,-3.0625,2.0,14.0,0
2025-09-13T01:00:15,82.302231,3.351140,1021,-3.7500,2.0,18.0,0
2025-09-13T03:00:15,82.298462,3.305075,1021,-3.8750,2.0,20.0,0
2025-09-13T05:00:14,82.299942,3.292596,1021,-4.0625,2.0,32.0,0
2025-09-13T07:00:15,82.298553,3.287466,1021,-4.2500,2.0,27.0,0
2025-09-13T09:00:15,82.294746,3.256283,1021,-4.6250,2.0,37.0,0
2025-09-13T11:00:15,82.287453,3.243821,1021,-3.9375,2.0,30.0,0
2025-09-13T13:00:14,82.273010,3.225235,1021,-3.5000,2.0,37.0,0
2025-09-13T15:00:15,82.260155,3.156525,1020,-3.6250,2.0,33.0,0
2025-09-13T17:00:15,82.255318,3.097496,1020,-4.0625,2.0,41.0,0
2025-09-13T19:00:15,82.254166,3.100261,1020,-4.5000,2.0,41.0,0
2025-09-13T21:00:14,82.250153,3.171393,1019,-4.8125,2.0,39.0,0
2025-09-13T23:00:15,82.237930,3.239098,1019,-5.1250,2.0,27.0,0
2025-09-14T01:00:15,82.220955,3.234443,1019,-5.4375,2.0,36.0,0
2025-09-14T03:00:15,82.210876,3.181941,1019,-5.8750,2.0,43.0,0
2025-09-14T05:00:14,82.210205,3.144495,1019,-5.9375,2.0,43.0,0
2025-09-14T07:00:15,82.217285,3.144043,1019,-5.6875,2.0,43.0,0
2025-09-14T09:00:15,82.217270,3.170131,1019,-5.2500,2.0,38.0,0
2025-09-14T11:00:15,82.212975,3.185150,1019,-4.7500,2.0,40.0,0
2025-09-14T13:00:14,82.205025,3.142013,1019,-4.8125,2.0,40.0,0
2025-09-14T15:00:15,82.199684,3.066241,1019,-4.7500,2.0,29.0,0
2025-09-14T17:00:15,82.198441,2.972051,1019,-4.7500,2.0,26.0,0
2025-09-14T19:00:15,82.202202,2.901841,1019,-4.7500,2.0,17.0,0
2025-09-14T21:00:14,82.204002,2.885968,1019,-4.6250,2.0,22.0,0
2025-09-14T23:00:15,82.192032,2.888428,1019,-4.1875,2.0,23.0,0
2025-09-15T01:00:15,82.172707,2.833265,1019,-4.9375,2.0,28.0,0
2025-09-15T03:00:15,82.161667,2.761131,1019,-5.0000,2.0,26.0,0
2025-09-15T05:00:14,82.151756,2.710660,1019,-4.8125,2.0,30.0,0
2025-09-15T07:00:15,82.140938,2.672130,1019,-4.5625,2.0,20.0,0
2025-09-15T09:00:15,82.127571,2.630893,1020,-4.1250,2.0,19.0,0
2025-09-15T11:00:15,82.116432,2.602731,1020,-3.7500,2.0,23.0,0
2025-09-15T13:00:14,82.103088,2.593291,1020,-3.6875,2.0,16.0,0
2025-09-15T15:00:15,82.087334,2.594920,1020,-3.7500,2.0,15.0,0
2025-09-15T17:00:15,82.073105,2.572753,1020,-3.8125,2.0,12.0,0
2025-09-15T19:00:15,82.065659,2.567811,1020,-3.6875,2.0,13.0,0
2025-09-15T21:00:14,82.059410,2.557711,1021,-3.3125,2.0,29.0,0
2025-09-15T23:00:15,82.052368,2.495858,1022,-3.0625,2.0,35.0,0
2025-09-16T01:00:15,82.044456,2.444108,1023,-3.0625,2.0,30.0,0
2025-09-16T03:00:15,82.031319,2.389775,1024,-3.0000,2.0,34.0,0
2025-09-16T05:00:14,82.016319,2.336608,1025,-3.1875,2.0,41.0,0
2025-09-16T07:00:15,82.001900,2.305675,1027,-3.4375,2.0,39.0,0
2025-09-16T09:00:15,81.986488,2.273400,1028,-3.6875,2.0,35.0,0
2025-09-16T11:00:15,81.979080,2.235273,1028,-3.5625,2.0,40.0,0
2025-09-16T13:00:14,81.972961,2.248251,1029,-3.6875,2.0,35.0,0
2025-09-16T15:00:15,81.961349,2.284323,1029,-4.3125,2.0,31.0,0
2025-09-16T17:00:15,81.945992,2.324690,1029,-5.1250,2.0,34.0,0
2025-09-16T19:00:15,81.930328,2.364131,1029,-5.8750,2.0,24.0,0
2025-09-16T21:00:14,81.920769,2.369556,1029,-6.1250,2.0,32.0,0
2025-09-16T23:00:15,81.920090,2.402775,1029,-5.8125,2.0,35.0,0
2025-09-17T01:00:15,81.915733,2.548323,1028,-6.1875,2.0,33.0,0
2025-09-17T03:00:15,81.901955,2.710060,1027,-5.7500,2.0,39.0,0
2025-09-17T05:00:15,81.879051,2.790521,1027,-5.5000,2.0,25.0,0
2025-09-17T07:00:14,81.861290,2.790588,1026,-5.4375,2.0,18.0,0
2025-09-17T09:00:15,81.850616,2.803171,1026,-4.9375,2.0,23.0,0
2025-09-17T11:00:15,81.842361,2.817901,1026,-4.4375,2.0,18.0,0
2025-09-17T13:00:15,81.833855,2.864816,1025,-4.0625,2.0,22.0,0
2025-09-17T15:00:14,81.815720,2.903081,1025,-4.0000,2.0,22.0,0
2025-09-17T17:00:15,81.795174,2.856990,1025,-4.1875,2.0,24.0,0
2025-09-17T19:00:15,81.780685,2.768370,1025,-4.3125,2.0,26.0,0
2025-09-17T21:00:15,81.776627,2.718670,1024,-4.5625,2.0,32.0,0
2025-09-17T23:00:14,81.776489,2.762851,1024,-5.1250,2.0,28.0,0
2025-09-18T01:00:15,81.770821,2.855270,1024,-5.8750,2.0,26.0,0
2025-09-18T03:00:15,81.756882,2.929226,1023,-6.1875,2.0,26.0,0
2025-09-18T05:00:15,81.739609,2.955235,1023,-6.3750,2.0,25.0,0
2025-09-18T07:00:14,81.723885,2.920841,1022,-6.1250,2.0,22.0,0
2025-09-18T09:00:15,81.719025,2.874906,1022,-5.6250,2.0,21.0,0
2025-09-18T11:00:15,81.720978,2.874656,1021,-4.8750,2.0,20.0,0
2025-09-18T13:00:15,81.717537,2.919811,1021,-5.1875,2.0,20.0,0
2025-09-18T15:00:15,81.701385,2.965221,1021,-6.0000,2.0,22.0,0
2025-09-18T17:00:15,81.675705,2.943338,1021,-6.5000,2.0,23.0,0
2025-09-18T19:00:14,81.649376,2.819825,1022,-6.6250,2.0,20.0,0
2025-09-18T21:00:15,81.638191,2.675926,1023,-6.6875,2.0,30.0,0
2025-09-18T23:00:15,81.630463,2.596235,1024,-6.6250,2.0,31.0,0
2025-09-19T01:00:15,81.623016,2.569375,1024,-6.5625,2.0,34.0,0
2025-09-19T03:00:15,81.605667,2.560193,1024,-6.3125,2.0,39.0,0
2025-09-19T05:00:15,81.581825,2.510846,1024,-5.8750,2.0,36.0,0
2025-09-19T07:00:14,81.558723,2.429085,1024,-5.6250,2.0,41.0,0
2025-09-19T09:00:15,81.540115,2.339930,1024,-5.1250,2.0,43.0,0
2025-09-19T11:00:15,81.525154,2.270806,1024,-4.8125,2.0,40.0,0
2025-09-19T13:00:15,81.512077,2.238223,1024,-4.6875,2.0,39.0,0
2025-09-19T15:00:15,81.497711,2.223288,1023,-4.5625,2.0,40.0,0
2025-09-19T17:00:15,81.481575,2.229420,1022,-4.5625,2.0,41.0,0
2025-09-19T19:00:14,81.461693,2.260078,1021,-4.6875,2.0,42.0,0
2025-09-19T21:00:15,81.440224,2.298393,1020,-4.6875,2.0,44.0,0
2025-09-19T23:00:15,81.416519,2.348886,1019,-4.5000,2.0,43.0,0
2025-09-20T01:00:15,81.393028,2.409296,1018,-4.6875,2.0,43.0,0
2025-09-20T03:00:15,81.368523,2.497833,1017,-4.3750,2.0,31.0,0
2025-09-20T05:00:14,81.337898,2.590581,1016,-4.3750,2.0,30.0,0
2025-09-20T07:00:15,81.301247,2.634803,1016,-4.5000,2.0,28.0,0
2025-09-20T09:00:15,81.261551,2.660416,1016,-4.2500,2.0,27.0,0
2025-09-20T11:00:15,81.217674,2.685766,1015,-4.0625,2.0,29.0,0
2025-09-20T13:00:14,81.168983,2.656200,1015,-4.1875,2.0,27.0,0
2025-09-20T15:00:15,81.120956,2.532905,1015,-4.6875,2.0,25.0,0
2025-09-20T17:00:15,81.080948,2.362430,1015,-5.1250,2.0,24.0,0
2025-09-20T19:00:15,81.044540,2.237333,1015,-5.3125,2.0,22.0,0
2025-09-20T21:00:14,81.004753,2.187271,1014,-4.8750,2.0,23.0,0
2025-09-20T23:00:15,80.966225,2.127441,1013,-3.8750,2.0,19.0,0
2025-09-21T01:00:15,80.935425,2.030933,1013,-3.8750,2.0,17.0,0
2025-09-21T03:00:15,80.909821,1.937430,1013,-4.0000,2.0,20.0,0
2025-09-21T05:00:14,80.883812,1.846308,1013,-3.9375,2.0,29.0,0
2025-09-21T07:00:15,80.853050,1.686561,1012,-4.0625,2.0,30.0,0
2025-09-21T09:00:15,80.821884,1.470955,1012,-4.0000,2.0,32.0,0
2025-09-21T11:00:15,80.798691,1.244245,1012,-3.9375,2.0,29.0,0
2025-09-21T13:00:14,80.782158,1.023496,1011,-3.8125,2.0,32.0,0
2025-09-21T15:00:15,80.776321,0.796223,1011,-3.3125,2.0,31.0,0
2025-09-21T17:00:15,80.781029,0.580060,1011,-2.6875,2.0,31.0,0
2025-09-21T19:00:15,80.787674,0.396905,1012,-2.7500,2.0,31.0,0
2025-09-21T21:00:14,80.792053,0.285310,1012,-2.7500,2.0,36.0,0
2025-09-21T23:00:15,80.790115,0.208510,1012,-2.6875,2.0,33.0,0
2025-09-22T01:00:15,80.788017,0.144680,1011,-3.1875,2.0,32.0,0
2025-09-22T03:00:15,80.786392,0.073326,1010,-3.6875,2.0,27.0,0
2025-09-22T05:00:14,80.784439,-0.015358,1009,-3.8750,2.0,23.0,0
2025-09-22T07:00:15,80.777298,-0.107358,1009,-4.1250,2.0,25.0,0
2025-09-22T09:00:15,80.761963,-0.184868,1008,-4.1875,2.0,16.0,0
2025-09-22T11:00:15,80.748085,-0.232938,1007,-4.1875,2.0,30.0,0
2025-09-22T13:00:14,80.734665,-0.247393,1006,-3.9375,2.0,24.0,0
2025-09-22T15:00:15,80.722458,-0.279150,1006,-3.9375,2.0,29.0,0
2025-09-22T17:00:15,80.709274,-0.323996,1006,-3.8125,2.0,22.0,0
2025-09-22T19:00:15,80.690926,-0.339196,1006,-4.0000,2.0,28.0,0
2025-09-22T21:00:14,80.669533,-0.371966,1006,-3.9375,2.0,36.0,0
2025-09-22T23:00:15,80.645340,-0.366923,1006,-3.5625,2.0,30.0,0
2025-09-23T01:00:15,80.619522,-0.388051,1007,-3.5625,2.0,31.0,0
2025-09-23T03:00:15,80.607208,-0.504490,1008,-3.4375,2.0,14.0,0
2025-09-23T05:00:14,80.604889,-0.611241,1008,-3.4375,2.0,14.0,0
2025-09-23T07:00:15,80.596703,-0.685541,1009,-3.5000,2.0,14.0,0
2025-09-23T09:00:15,80.580528,-0.739246,1009,-3.3125,2.0,18.0,0
2025-09-23T11:00:15,80.555092,-0.791533,1010,-3.0000,2.0,14.0,0
2025-09-23T13:00:14,80.531776,-0.880723,1010,-2.6875,2.0,14.0,0
2025-09-23T15:00:15,80.516243,-0.972126,1010,-2.7500,2.0,20.0,0
2025-09-23T17:00:15,80.504807,-1.022876,1010,-3.0000,2.0,16.0,0
2025-09-23T19:00:15,80.490829,-1.020943,1010,-3.5000,2.0,32.0,0
2025-09-23T21:00:14,80.467087,-0.979085,1010,-4.0000,2.0,28.0,0
2025-09-23T23:00:15,80.434845,-0.952416,1010,-4.1250,2.0,29.0,0
2025-09-24T01:00:15,80.411682,-0.959813,1010,-4.5625,2.0,32.0,0
2025-09-24T03:00:15,80.402596,-0.928875,1010,-5.1250,2.0,31.0,0
2025-09-24T05:00:14,80.397095,-0.854953,1010,-5.6250,2.0,29.0,0
2025-09-24T07:00:15,80.385796,-0.756945,1010,-5.3750,2.0,35.0,0
2025-09-24T09:00:15,80.368736,-0.683248,1010,-4.9375,2.0,36.0,0
2025-09-24T11:00:15,80.352661,-0.632010,1009,-4.1250,2.0,34.0,0
2025-09-24T13:00:14,80.341927,-0.605765,1008,-3.8750,2.0,27.0,0
2025-09-24T15:00:15,80.341568,-0.563243,1007,-4.0000,2.0,33.0,0
2025-09-24T17:00:15,80.342934,-0.497463,1007,-4.6875,2.0,41.0,0
2025-09-24T19:00:15,80.339447,-0.422441,1006,-5.2500,2.0,41.0,0
2025-09-24T21:00:14,80.331863,-0.379720,1006,-4.7500,2.0,46.0,0
2025-09-24T23:00:15,80.327087,-0.369793,1005,-3.8750,2.0,45.0,0
2025-09-25T01:00:15,80.330719,-0.354790,1004,-3.6875,2.0,45.0,0
2025-09-25T03:00:15,80.340332,-0.317336,1004,-3.3125,2.0,45.0,0
2025-09-25T05:00:15,80.352676,-0.271973,1003,-3.3125,2.0,41.0,0
2025-09-25T07:00:15,80.365936,-0.233033,1003,-2.8750,2.0,45.0,0
2025-09-25T09:00:14,80.375313,-0.206861,1002,-2.3125,2.0,48.0,0
2025-09-25T11:00:15,80.387764,-0.201500,1002,-1.8750,2.0,47.0,0
2025-09-25T13:00:15,80.401299,-0.198650,1001,-1.5000,2.0,42.0,0
2025-09-25T15:00:15,80.416260,-0.168570,1000,-1.5000,2.0,22.0,0
2025-09-25T17:00:14,80.426506,-0.129183,1000,-1.8750,2.0,18.0,0
2025-09-25T19:00:15,80.431969,-0.118146,1000,-2.3125,2.0,14.0,0
2025-09-25T21:00:15,80.436752,-0.140556,1000,-2.5625,2.0,20.0,0
2025-09-25T23:00:15,80.448242,-0.163693,1000,-2.5000,2.0,13.0,0
2025-09-26T01:00:15,80.466774,-0.137513,1001,-2.8125,2.0,17.0,0
2025-09-26T03:00:14,80.482475,-0.036205,1000,-3.1875,2.0,22.0,0
2025-09-26T05:00:15,80.491882,0.081013,1001,-3.1875,2.0,22.0,0
2025-09-26T07:00:15,80.494720,0.146033,1001,-3.3750,2.0,20.0,0
2025-09-26T09:00:15,80.499260,0.171473,1002,-3.1875,2.0,7.0,0
2025-09-26T11:00:14,80.509048,0.200946,1002,-3.0625,2.0,13.0,0
2025-09-26T13:00:15,80.523582,0.277441,1003,-2.8125,2.0,9.0,0
2025-09-26T15:00:15,80.536194,0.407845,1003,-2.7500,2.0,12.0,0
2025-09-26T17:00:15,80.542114,0.530065,1004,-3.2500,2.0,15.0,0
2025-09-26T19:00:14,80.544014,0.606240,1004,-3.5625,2.0,13.0,0
2025-09-26T21:00:15,80.549591,0.634848,1004,-2.8750,2.0,12.0,0
2025-09-26T23:00:15,80.556992,0.676113,1003,-2.0625,2.0,8.0,0
2025-09-27T01:00:15,80.561691,0.731410,1002,-2.1875,2.0,15.0,0
2025-09-27T03:00:14,80.563507,0.784988,999,-2.1875,2.0,31.0,0
2025-09-27T05:00:15,80.562599,0.808198,997,-1.4375,2.0,37.0,0
2025-09-27T07:00:15,80.564514,0.779465,994,-1.0625,2.0,34.0,0
2025-09-27T09:00:15,80.566284,0.732608,991,-0.8750,2.0,29.0,0
2025-09-27T11:00:14,80.569191,0.647378,989,-0.6875,2.0,37.0,0
2025-09-27T13:00:15,80.578995,0.643811,987,-0.5000,2.0,44.0,0
2025-09-27T15:00:15,80.593300,0.726861,987,-0.5000,2.0,25.0,0
2025-09-27T17:00:14,80.599686,0.816671,987,-0.5000,2.0,13.0,0
2025-09-27T19:00:15,80.582222,0.916423,989,-1.0625,2.0,11.0,0
2025-09-27T21:00:15,80.546158,1.013855,992,-2.5000,2.0,14.0,0
2025-09-27T23:00:15,80.503471,1.026351,995,-3.2500,2.0,6.0,0
2025-09-28T01:00:14,80.468063,0.997408,998,-3.6875,2.0,10.0,0
2025-09-28T03:00:15,80.441261,0.988573,1000,-3.7500,2.0,7.0,0
2025-09-28T05:00:15,80.422249,0.989460,1002,-4.0000,2.0,20.0,0
2025-09-28T07:00:15,80.396866,1.035646,1003,-4.0000,2.0,16.0,0
2025-09-28T09:00:14,80.361855,1.043615,1005,-3.9375,2.0,15.0,0
2025-09-28T11:00:15,80.320152,0.965415,1006,-4.3125,2.0,16.0,0
2025-09-28T13:00:15,80.292603,0.816285,1007,-4.6250,2.0,14.0,0
2025-09-28T15:00:15,80.281853,0.688276,1007,-4.9375,2.0,26.0,0
2025-09-28T17:00:14,80.281685,0.640790,1007,-4.9375,2.0,17.0,0
2025-09-28T19:00:15,80.273460,0.636788,1008,-4.3750,2.0,15.0,0
2025-09-28T21:00:15,80.254066,0.615076,1008,-3.8125,2.0,28.0,0
2025-09-28T23:00:15,80.228149,0.541948,1008,-3.8750,2.0,21.0,0
2025-09-29T01:00:14,80.205238,0.420978,1008,-3.8125,2.0,15.0,0
2025-09-29T03:00:15,80.193420,0.281021,1008,-3.5000,2.0,24.0,0
2025-09-29T05:00:15,80.192200,0.195930,1008,-3.1250,2.0,15.0,0
2025-09-29T07:00:15,80.182831,0.168895,1007,-2.8750,2.0,10.0,0
2025-09-29T09:00:14,80.163376,0.157025,1008,-2.5000,2.0,11.0,0
2025-09-29T11:00:15,80.136398,0.101993,1008,-2.1875,2.0,15.0,0
2025-09-29T13:00:15,80.114738,-0.021963,1008,-2.0625,2.0,16.0,0
2025-09-29T15:00:15,80.102089,-0.158105,1008,-1.9375,2.0,35.0,0
2025-09-29T17:00:14,80.095146,-0.273831,1008,-2.0625,2.0,33.0,0
2025-09-29T19:00:15,80.085373,-0.375668,1009,-2.3750,2.0,40.0,0
2025-09-29T21:00:15,80.069946,-0.475233,1010,-2.5625,2.0,40.0,0
2025-09-29T23:00:15,80.042236,-0.604760,1011,-2.9375,2.0,26.0,0
2025-09-30T01:00:14,80.014206,-0.764926,1012,-3.5625,2.0,25.0,0
2025-09-30T03:00:15,79.989807,-0.959106,1013,-3.8750,2.0,24.0,0
2025-09-30T05:00:15,79.971344,-1.128633,1015,-4.4375,2.0,16.0,0
2025-09-30T07:00:15,79.951607,-1.251951,1017,-4.8750,2.0,25.0,0
2025-09-30T09:00:14,79.923523,-1.347298,1018,-4.9375,2.0,20.0,0
2025-09-30T11:00:15,79.890549,-1.447738,1020,-5.0000,2.0,18.0,0
2025-09-30T13:00:15,79.849640,-1.589436,1021,-5.1875,2.0,31.0,0
2025-09-30T15:00:15,79.814964,-1.805328,1022,-5.2500,2.0,42.0,0
2025-09-30T17:00:15,79.807236,-2.055368,1022,-5.1875,2.0,39.0,0
2025-09-30T19:00:14,79.818954,-2.210730,1022,-4.7500,2.0,46.0,0
2025-09-30T21:00:15,79.832260,-2.309961,1021,-4.8125,2.0,41.0,0
2025-09-30T23:00:15,79.835213,-2.379025,1021,-4.1875,2.0,41.0,0
2025-10-01T01:00:15,79.827797,-2.518050,1020,-3.9375,2.0,48.0,0
2025-10-01T03:00:14,79.827080,-2.749458,1018,-3.6875,2.0,53.0,0
2025-10-01T05:00:15,79.842010,-2.978706,1016,-3.3750,2.0,49.0,0
2025-10-01T07:00:15,79.869652,-3.114436,1015,-3.0625,2.0,45.0,0
2025-10-01T09:00:15,79.886559,-3.189061,1014,-2.6875,2.0,7.0,0
2025-10-01T11:00:14,79.895477,-3.292541,1012,-2.4375,2.0,12.0,0
2025-10-01T13:00:15,79.896477,-3.428620,1011,-2.0000,2.0,27.0,0
2025-10-01T15:00:15,79.906250,-3.592140,1009,-2.0625,2.0,49.0,0
2025-10-01T17:00:15,79.924484,-3.741266,1008,-1.8750,2.0,30.0,0
2025-10-01T19:00:14,79.939613,-3.833723,1007,-1.5625,2.0,21.0,0
2025-10-01T21:00:15,79.947868,-3.901455,1006,-1.3125,2.0,15.0,0
2025-10-01T23:00:15,79.948227,-3.947843,1005,-0.8125,2.0,19.0,0
2025-10-02T01:00:14,79.942505,-3.994275,1004,-0.8125,2.0,18.0,0
2025-10-02T03:00:15,79.938606,-4.070623,1002,-0.8125,2.0,34.0,0
2025-10-02T05:00:15,79.934090,-4.146306,999,-0.7500,2.0,33.0,0
2025-10-02T07:00:15,79.925896,-4.228108,996,-0.6250,2.0,27.0,0
2025-10-02T09:00:14,79.921646,-4.307420,993,-0.1250,2.0,42.0,0
2025-10-02T11:00:15,79.922623,-4.365071,992,0.0000,2.0,41.0,0
2025-10-02T13:00:15,79.921768,-4.356515,992,-0.0625,2.0,48.0,0
2025-10-02T15:00:14,79.911125,-4.344826,991,-0.0625,2.0,43.0,0
2025-10-02T17:00:15,79.897293,-4.385665,989,-0.1875,2.0,49.0,0
2025-10-02T19:00:15,79.892677,-4.477320,989,0.0000,2.0,47.0,0
2025-10-02T21:00:14,79.897408,-4.567211,988,0.0625,2.0,43.0,0
2025-10-02T23:00:15,79.906822,-4.613546,987,0.2500,2.0,44.0,0
2025-10-03T01:00:15,79.910782,-4.617658,986,0.0625,2.0,44.0,0
2025-10-03T03:00:14,79.906837,-4.618105,986,0.0000,2.0,42.0,0
2025-10-03T05:00:15,79.895996,-4.664108,985,-0.1250,2.0,46.0,0
2025-10-03T07:00:15,79.886902,-4.751326,985,-0.1250,2.0,43.0,0
2025-10-03T09:00:14,79.883690,-4.817548,985,-0.2500,2.0,44.0,0
2025-10-03T11:00:15,79.886864,-4.806553,987,-0.2500,2.0,41.0,0
2025-10-03T13:00:15,79.887848,-4.730405,988,-0.6875,2.0,38.0,0
2025-10-03T15:00:14,79.880264,-4.627603,990,-0.8750,2.0,41.0,0
2025-10-03T17:00:15,79.861862,-4.569853,990,-1.0625,2.0,44.0,0
2025-10-03T19:00:15,79.847549,-4.582423,992,-1.3125,2.0,42.0,0
2025-10-03T21:00:15,79.846848,-4.624658,993,-1.5625,2.0,41.0,0
2025-10-03T23:00:14,79.854073,-4.656605,993,-1.5625,2.0,32.0,0
2025-10-04T01:00:15,79.861359,-4.652703,993,-1.7500,2.0,32.0,0
2025-10-04T03:00:15,79.846428,-4.628038,995,-2.8750,2.0,27.0,0
2025-10-04T05:00:15,79.823898,-4.641785,997,-3.4375,2.0,29.0,0
2025-10-04T07:00:14,79.804848,-4.707166,997,-3.6875,2.0,27.0,0
2025-10-04T09:00:15,79.797684,-4.786410,997,-3.5000,1.0,29.0,0
2025-10-04T11:00:15,79.799400,-4.818806,997,-3.4375,2.0,22.0,0
2025-10-04T13:00:15,79.797783,-4.791306,997,-3.3125,2.0,24.0,0
2025-10-04T15:00:14,79.782173,-4.753358,997,-3.1875,2.0,26.0,0
2025-10-04T17:00:15,79.758057,-4.755521,997,-3.2500,2.0,27.0,0
2025-10-04T19:00:15,79.735832,-4.821508,997,-3.1250,2.0,25.0,0
2025-10-04T21:00:15,79.724205,-4.885926,997,-3.0625,2.0,16.0,0
2025-10-04T23:00:14,79.719383,-4.896980,998,-2.6875,2.0,16.0,0
2025-10-05T01:00:15,79.710815,-4.863100,998,-2.8750,2.0,15.0,0
2025-10-05T03:00:15,79.694931,-4.833058,999,-2.8125,2.0,11.0,0
2025-10-05T05:00:15,79.674995,-4.827638,999,-3.1250,2.0,16.0,0
2025-10-05T07:00:14,79.657761,-4.847381,1000,-2.7500,2.0,11.0,0
2025-10-05T09:00:15,79.643028,-4.859913,1000,-2.5000,2.0,11.0,0
2025-10-05T11:00:15,79.635506,-4.848503,1001,-1.6875,2.0,14.0,0
2025-10-05T13:00:15,79.626595,-4.814136,1002,-1.8125,2.0,11.0,0
2025-10-05T15:00:15,79.616982,-4.771110,1002,-1.8125,2.0,29.0,0
2025-10-05T17:00:14,79.601669,-4.739016,1003,-1.8125,2.0,25.0,0
2025-10-05T19:00:15,79.586777,-4.738048,1003,-1.8125,2.0,14.0,0
2025-10-05T21:00:15,79.577789,-4.736670,1003,-1.7500,2.0,14.0,0
2025-10-05T23:00:15,79.577148,-4.723645,1004,-1.3125,2.0,11.0,0
2025-10-06T01:00:14,79.579338,-4.674743,1003,-1.5625,2.0,48.0,0
2025-10-06T03:00:15,79.575737,-4.614386,1002,-1.5000,2.0,25.0,0
2025-10-06T05:00:15,79.570221,-4.592911,1001,-0.9375,2.0,19.0,0
2025-10-06T07:00:15,79.569565,-4.566005,1001,-0.8125,2.0,19.0,0
2025-10-06T09:00:14,79.567612,-4.546435,999,-0.6875,2.0,15.0,0
2025-10-06T11:00:15,79.570160,-4.536838,998,-0.5000,2.0,32.0,0
2025-10-06T13:00:15,79.580582,-4.506568,997,-0.4375,2.0,20.0,0
2025-10-06T15:00:14,79.590965,-4.451420,996,-0.4375,2.0,13.0,0
2025-10-06T17:00:15,79.599205,-4.393618,996,-0.2500,2.0,26.0,0
2025-10-06T19:00:15,79.598579,-4.333970,995,-0.3125,2.0,29.0,0
2025-10-06T21:00:14,79.589706,-4.327366,995,-0.2500,2.0,40.0,0
2025-10-06T23:00:15,79.588707,-4.371773,994,0.1250,2.0,11.0,0
2025-10-07T01:00:15,79.595825,-4.410720,992,0.0000,2.0,15.0,0
2025-10-07T03:00:14,79.606155,-4.436436,990,0.2500,2.0,20.0,0
2025-10-07T05:00:15,79.612701,-4.460463,988,0.4375,1.0,29.0,0
2025-10-07T07:00:15,79.613434,-4.483303,986,0.4375,1.0,8.0,0
2025-10-07T09:00:14,79.608292,-4.512351,985,0.5000,1.0,12.0,0
2025-10-07T11:00:15,79.605072,-4.550233,984,0.5000,2.0,10.0,0
2025-10-07T13:00:15,79.607071,-4.562881,984,0.4375,2.0,16.0,0
2025-10-07T15:00:14,79.611221,-4.585575,982,0.3750,4.0,15.0,0
2025-10-07T17:00:15,79.612885,-4.609921,980,0.5625,5.0,16.0,0
2025-10-07T19:00:15,79.605904,-4.678910,977,0.6250,5.0,27.0,0
2025-10-07T21:00:14,79.593132,-4.789231,975,0.7500,5.0,23.0,0
2025-10-07T23:00:15,79.596542,-4.917918,977,0.3125,5.0,8.0,0
2025-10-08T01:00:15,79.614876,-5.001851,978,-0.1875,5.0,11.0,0
2025-10-08T03:00:14,79.633652,-5.029735,978,-0.4375,5.0,13.0,0
2025-10-08T05:00:15,79.636978,-5.035711,977,-0.3125,5.0,8.0,0
2025-10-08T07:00:15,79.626465,-5.092950,975,0.3125,5.0,25.0,0
2025-10-08T09:00:14,79.612450,-5.260756,974,0.3125,5.0,21.0,0
2025-10-08T11:00:15,79.623863,-5.435911,972,-0.1875,5.0,27.0,0
2025-10-08T13:00:15,79.648514,-5.529576,970,0.0000,5.0,14.0,0
2025-10-08T15:00:14,79.674194,-5.526095,970,-0.1875,5.0,38.0,0
2025-10-08T17:00:15,79.683212,-5.494653,969,-0.3125,5.0,35.0,0
2025-10-08T19:00:15,79.686134,-5.523125,970,-0.5000,5.0,38.0,0
2025-10-08T21:00:14,79.691231,-5.602991,971,-0.7500,5.0,39.0,0
2025-10-08T23:00:15,79.706154,-5.654335,974,-0.6875,5.0,37.0,0
2025-10-09T01:00:15,79.733612,-5.607780,976,-1.1250,5.0,41.0,0
2025-10-09T03:00:15,79.758675,-5.489626,978,-1.5625,5.0,19.0,0
2025-10-09T05:00:14,79.773666,-5.329875,980,-2.1250,5.0,28.0,0
2025-10-09T07:00:15,79.768730,-5.189705,984,-2.8125,5.0,26.0,0
2025-10-09T09:00:15,79.753593,-5.153161,987,-3.3125,5.0,25.0,0
2025-10-09T11:00:15,79.751015,-5.152250,990,-3.8125,5.0,41.0,0
2025-10-09T13:00:14,79.758751,-5.121523,992,-4.3750,5.0,38.0,0
2025-10-09T15:00:15,79.764587,-5.063366,995,-5.0000,5.0,43.0,0
2025-10-09T17:00:15,79.762627,-5.014018,996,-5.7500,5.0,35.0,0
2025-10-09T19:00:15,79.756241,-5.028138,997,-6.0000,5.0,41.0,0
2025-10-09T21:00:14,79.749382,-5.091001,998,-5.8750,5.0,39.0,0
2025-10-09T23:00:15,79.747566,-5.154558,998,-5.1875,5.0,35.0,0
2025-10-10T01:00:15,79.749115,-5.204056,999,-5.5625,5.0,40.0,0
2025-10-10T03:00:15,79.752602,-5.213220,999,-5.6250,5.0,32.0,0
2025-10-10T05:00:14,79.751274,-5.205666,1000,-5.0000,5.0,32.0,0
2025-10-10T07:00:15,79.747345,-5.229335,1001,-4.8125,5.0,29.0,0
2025-10-10T09:00:15,79.741455,-5.256843,1002,-5.6250,5.0,32.0,0
2025-10-10T11:00:15,79.738441,-5.288473,1002,-5.1250,5.0,26.0,0
2025-10-10T13:00:14,79.739754,-5.315546,1003,-5.1250,5.0,30.0,0
2025-10-10T15:00:15,79.741898,-5.310525,1004,-5.4375,5.0,27.0,0
2025-10-10T17:00:15,79.745789,-5.296643,1005,-5.6250,5.0,29.0,0
2025-10-10T19:00:15,79.745827,-5.262110,1006,-5.0625,5.0,24.0,0
2025-10-10T21:00:14,79.736267,-5.268163,1007,-5.0000,5.0,18.0,0
2025-10-10T23:00:15,79.728165,-5.314576,1008,-4.6875,5.0,16.0,0
2025-10-11T01:00:15,79.726692,-5.345133,1008,-5.1875,5.0,20.0,0
2025-10-11T03:00:15,79.727303,-5.328168,1009,-5.9375,5.0,20.0,0
2025-10-11T05:00:14,79.725616,-5.303900,1010,-6.9375,5.0,27.0,0
2025-10-11T07:00:15,79.723022,-5.284341,1010,-7.6875,5.0,25.0,0
2025-10-11T09:00:15,79.717537,-5.263340,1011,-7.8125,5.0,29.0,0
2025-10-11T11:00:15,79.703758,-5.254553,1011,-7.7500,5.0,28.0,0
2025-10-11T13:00:15,79.696396,-5.257776,1011,-7.7500,5.0,35.0,0
2025-10-11T15:00:14,79.695473,-5.235278,1012,-8.0625,5.0,31.0,0
2025-10-11T17:00:15,79.696152,-5.196391,1012,-8.5000,5.0,32.0,0
2025-10-11T19:00:15,79.696198,-5.156801,1013,-8.8125,5.0,31.0,0
2025-10-11T21:00:15,79.695320,-5.110508,1013,-7.2500,5.0,30.0,0
2025-10-11T23:00:15,79.691002,-5.077105,1012,-6.2500,5.0,26.0,0
2025-10-12T01:00:15,79.690125,-5.043751,1012,-6.3750,5.0,30.0,0
2025-10-12T03:00:15,79.693192,-5.014168,1012,-6.8125,5.0,28.0,0
2025-10-12T05:00:14,79.694633,-4.966470,1011,-7.1875,5.0,32.0,0
2025-10-12T07:00:15,79.697304,-4.932636,1011,-6.5000,5.0,28.0,0
2025-10-12T09:00:15,79.699913,-4.896045,1010,-6.3125,5.0,28.0,0
2025-10-12T11:00:15,79.701347,-4.855176,1009,-5.8125,5.0,31.0,0
2025-10-12T13:00:15,79.705765,-4.807116,1008,-5.3750,5.0,48.0,0
2025-10-12T15:00:15,79.711006,-4.727913,1007,-5.0625,5.0,43.0,0
2025-10-12T17:00:14,79.717094,-4.659611,1006,-4.6875,5.0,44.0,0
2025-10-12T19:00:15,79.722076,-4.592816,1006,-4.3750,5.0,41.0,0
2025-10-12T21:00:15,79.723045,-4.544836,1005,-3.8125,5.0,43.0,0
2025-10-12T23:00:15,79.718803,-4.534111,1004,-2.7500,5.0,38.0,0
2025-10-13T01:00:15,79.712814,-4.565181,1001,-2.6250,5.0,43.0,0
2025-10-13T03:00:14,79.709785,-4.634856,998,-2.1250,5.0,45.0,0
2025-10-13T05:00:15,79.710968,-4.722490,994,-1.7500,5.0,48.0,0
2025-10-13T07:00:15,79.716057,-4.790076,993,-1.3750,5.0,46.0,0
2025-10-13T09:00:15,79.719917,-4.728916,992,-1.4375,5.0,39.0,0
2025-10-13T11:00:14,79.712044,-4.650431,993,-1.5625,5.0,29.0,0
2025-10-13T13:00:15,79.694809,-4.633356,992,-1.8125,5.0,34.0,0
2025-10-13T15:00:15,79.680618,-4.639921,992,-1.9375,5.0,31.0,0
2025-10-13T17:00:14,79.675964,-4.666866,992,-2.5000,5.0,33.0,0
2025-10-13T19:00:15,79.673286,-4.657765,992,-2.6250,5.0,46.0,0
2025-10-13T21:00:15,79.659172,-4.587098,991,-2.3750,5.0,45.0,0
2025-10-13T23:00:15,79.625809,-4.526301,991,-2.8750,5.0,47.0,0
2025-10-14T01:00:14,79.580429,-4.540040,990,-3.8125,5.0,50.0,0
2025-10-14T03:00:15,79.539139,-4.601471,990,-4.6250,5.0,44.0,0
2025-10-14T05:00:15,79.509384,-4.637625,990,-5.2500,5.0,48.0,0
2025-10-14T07:00:15,79.482697,-4.641736,991,-5.3750,5.0,41.0,0
2025-10-14T09:00:14,79.450111,-4.634970,992,-5.4375,5.0,39.0,0
2025-10-14T11:00:15,79.411873,-4.661795,994,-5.5000,5.0,46.0,0
2025-10-14T13:00:15,79.379997,-4.718918,995,-5.5625,5.0,47.0,0
2025-10-14T15:00:15,79.361366,-4.783481,995,-6.8750,5.0,49.0,0
2025-10-14T17:00:14,79.350594,-4.812778,995,-7.4375,5.0,55.0,0
2025-10-14T19:00:15,79.344337,-4.787820,996,-7.8750,5.0,50.0,0
2025-10-14T21:00:15,79.332016,-4.735316,996,-8.0625,5.0,53.0,0
2025-10-14T23:00:15,79.314590,-4.716493,996,-8.3750,5.0,49.0,0
2025-10-15T01:00:15,79.297234,-4.731301,996,-8.4375,5.0,47.0,0
2025-10-15T03:00:15,79.280670,-4.742925,997,-8.5625,5.0,48.0,0
2025-10-15T05:00:14,79.259331,-4.730325,998,-8.6875,5.0,50.0,0
2025-10-15T07:00:15,79.235054,-4.706078,999,-8.0625,5.0,46.0,0
2025-10-15T09:00:15,79.209679,-4.675100,1000,-8.6250,5.0,54.0,0
2025-10-15T11:00:15,79.181221,-4.624663,1002,-9.0625,5.0,29.0,0
2025-10-15T13:00:15,79.147713,-4.590813,1003,-9.0625,5.0,42.0,0
2025-10-15T15:00:14,79.114441,-4.596385,1005,-9.0625,5.0,40.0,0
2025-10-15T17:00:15,79.093025,-4.608073,1006,-8.8125,5.0,39.0,0
2025-10-15T19:00:15,79.083664,-4.610206,1006,-8.7500,5.0,27.0,0
2025-10-15T21:00:15,79.081764,-4.534863,1007,-9.1875,5.0,29.0,0
2025-10-15T23:00:15,79.069427,-4.432516,1009,-8.6250,5.0,29.0,0
2025-10-16T01:00:15,79.044952,-4.368566,1009,-8.7500,5.0,33.0,0
2025-10-16T03:00:15,79.018204,-4.356573,1010,-8.9375,6.0,34.0,0
2025-10-16T05:00:15,79.003014,-4.365106,1010,-9.1875,6.0,35.0,0
2025-10-16T07:00:14,78.998238,-4.343058,1010,-9.0625,5.0,32.0,0
2025-10-16T09:00:15,78.992798,-4.250883,1010,-8.9375,5.0,33.0,0
2025-10-16T11:00:15,78.979538,-4.116675,1010,-8.8750,6.0,35.0,0
2025-10-16T13:00:15,78.953339,-4.021281,1009,-8.7500,5.0,33.0,0
2025-10-16T15:00:15,78.928429,-4.004123,1008,-9.3125,6.0,35.0,0
2025-10-16T17:00:15,78.913246,-4.030656,1008,-9.5000,6.0,35.0,0
2025-10-16T19:00:15,78.907532,-4.037548,1007,-10.1250,6.0,35.0,0
2025-10-16T21:00:15,78.907555,-3.993003,1007,-11.1875,6.0,35.0,0
2025-10-16T23:00:15,78.899010,-3.911591,1006,-13.0625,6.0,33.0,0
2025-10-17T01:00:15,78.878891,-3.858551,1005,-13.3750,6.0,31.0,0
2025-10-17T03:00:15,78.856277,-3.869250,1004,-11.8750,6.0,31.0,0
2025-10-17T05:00:15,78.838669,-3.921621,1004,-10.2500,6.0,30.0,0
2025-10-17T07:00:15,78.828644,-3.969578,1004,-9.6250,6.0,19.0,0
2025-10-17T09:00:14,78.815491,-3.976538,1005,-8.3750,6.0,27.0,0
2025-10-17T11:00:15,78.794846,-3.936311,1006,-8.6875,6.0,27.0,0
2025-10-17T13:00:15,78.760109,-3.902598,1007,-8.3750,5.0,11.0,0
2025-10-17T15:00:15,78.718712,-3.901450,1007,-8.3750,6.0,42.0,0
2025-10-17T17:00:15,78.679848,-3.911468,1008,-8.1875,6.0,44.0,0
2025-10-17T19:00:15,78.641891,-3.892200,1008,-7.5000,5.0,40.0,0
2025-10-17T21:00:14,78.602455,-3.848410,1008,-7.2500,6.0,47.0,0
2025-10-17T23:00:15,78.559677,-3.787210,1009,-6.7500,5.0,44.0,0
2025-10-18T01:00:15,78.514442,-3.744856,1009,-6.8750,6.0,43.0,0
2025-10-18T03:00:15,78.468399,-3.725066,1009,-6.8750,6.0,18.0,0
2025-10-18T05:00:14,78.424400,-3.717820,1009,-6.6250,5.0,11.0,0
2025-10-18T07:00:15,78.381042,-3.735148,1009,-6.6875,5.0,14.0,0
2025-10-18T09:00:15,78.335403,-3.753043,1010,-6.6875,5.0,10.0,0
2025-10-18T11:00:15,78.288933,-3.785228,1009,-6.4375,6.0,12.0,0
2025-10-18T13:00:14,78.229836,-3.855373,1009,-6.2500,5.0,11.0,0
2025-10-18T15:00:15,78.157661,-3.979928,1009,-5.9375,5.0,13.0,0
2025-10-18T17:00:15,78.081001,-4.111710,1008,-5.9375,5.0,12.0,0
2025-10-18T19:00:15,78.007675,-4.193063,1008,-5.6875,5.0,12.0,0
2025-10-18T21:00:14,77.945145,-4.217786,1008,-5.5000,5.0,36.0,0
2025-10-18T23:00:15,77.899467,-4.189018,1008,-4.9375,5.0,43.0,0
2025-10-19T01:00:15,77.859894,-4.099425,1007,-5.3125,5.0,12.0,0
2025-10-19T03:00:15,77.820389,-4.040165,1006,-5.0000,5.0,12.0,0
2025-10-19T05:00:14,77.789757,-3.978098,1005,-4.5625,5.0,14.0,0
2025-10-19T07:00:15,77.755745,-3.929336,1005,-4.2500,5.0,46.0,0
2025-10-19T09:00:15,77.710884,-3.876246,1003,-3.6250,0.0,51.0,0
2025-10-19T11:00:15,77.671150,-3.828730,1003,-3.2500,0.0,13.0,0
2025-10-19T13:00:14,77.623520,-3.791695,1005,-3.2500,1.0,22.0,0
2025-10-19T15:00:15,77.582520,-3.763035,1004,-3.3750,2.0,31.0,0
2025-10-19T17:00:15,77.533310,-3.756381,1003,-3.5000,3.0,22.0,0
2025-10-19T19:00:15,77.481178,-3.766500,1004,-3.4375,2.0,28.0,0
2025-10-19T21:00:14,77.428864,-3.792528,1003,-3.8125,2.0,23.0,0
2025-10-19T23:00:15,77.378761,-3.807440,1005,-2.8750,2.0,18.0,0
2025-10-20T01:00:15,77.327354,-3.839061,1004,-3.4375,2.0,12.0,0
2025-10-20T03:00:15,77.273849,-3.914201,1005,-3.4375,2.0,34.0,0
2025-10-20T05:00:14,77.234329,-4.001475,1006,-3.3125,1.0,22.0,0
2025-10-20T07:00:15,77.192497,-4.044213,1005,-3.3750,2.0,31.0,0
2025-10-20T09:00:15,77.148720,-4.090158,1007,-3.3125,0.0,54.0,0
2025-10-20T11:00:15,77.101097,-4.129531,1007,-3.3125,0.0,47.0,0
2025-10-20T13:00:14,77.061562,-4.175315,1008,-3.1875,1.0,28.0,0
2025-10-20T15:00:15,77.028984,-4.205963,1012,-2.3125,5.0,28.0,0
2025-10-20T17:00:15,77.003281,-4.222261,1012,-2.0625,3.0,71.0,0
2025-10-20T19:00:15,76.979233,-4.203606,1013,-1.9375,4.0,45.0,0
2025-10-20T21:00:14,76.944206,-4.165975,1008,-1.3750,2.0,66.0,0
2025-10-20T23:00:15,76.910934,-4.164465,1008,-1.5625,6.0,355.0,0
2025-10-21T01:00:15,76.880524,-4.203425,1008,-1.6250,168.0,58.0,0
2025-10-21T03:00:15,76.854797,-4.276858,1008,-1.6250,1.0,325.0,0
2025-10-21T05:00:14,76.836784,-4.361231,1008,-1.4375,4.0,336.0,0
2025-10-21T07:00:15,76.821381,-4.423745,1009,-1.3750,6.0,342.0,0
2025-10-21T09:00:15,76.797333,-4.418245,1010,-1.1875,0.0,348.0,0
2025-10-21T11:00:15,76.766136,-4.401795,1010,-0.6250,173.0,35.0,0
2025-10-21T13:00:14,76.738251,-4.419586,1010,-1.0000,3.0,24.0,0
2025-10-21T15:00:15,76.718605,-4.467778,1010,-0.9375,2.0,24.0,0
