time,latitude (deg),longitude (deg),barometric pressure (hPa),air temperature (degC),tilt (deg),compass bearing (deg)
2025-07-12T18:00:15,83.855461,24.231207,999,1.3125,1.0,87.0
2025-07-12T20:00:14,83.862183,24.422050,1000,1.0000,1.0,91.0
2025-07-12T22:00:15,83.867676,24.581505,1000,0.9375,1.0,98.0
2025-07-13T00:00:14,83.871117,24.769630,1001,0.6250,1.0,92.0
2025-07-13T02:00:15,83.870804,24.959719,1001,0.5000,1.0,91.0
2025-07-13T04:00:15,83.869247,25.137400,1001,0.6875,1.0,89.0
2025-07-13T06:00:14,83.867432,25.293079,1002,0.8750,1.0,85.0
2025-07-13T08:00:15,83.867249,25.408831,1002,1.1250,1.0,92.0
2025-07-13T10:00:15,83.869766,25.514194,1003,1.5000,1.0,91.0
2025-07-13T12:00:14,83.870514,25.627081,1003,1.8125,2.0,98.0
2025-07-13T14:00:15,83.868958,25.747932,1002,1.8125,2.0,87.0
2025-07-13T16:00:15,83.865601,25.872644,1003,1.5625,2.0,92.0
2025-07-13T18:00:14,83.861511,25.975309,1003,1.2500,2.0,93.0
2025-07-13T20:00:15,83.857841,26.050085,1003,1.3750,2.0,88.0
2025-07-13T22:00:15,83.853996,26.097277,1003,1.1250,2.0,92.0
2025-07-14T00:00:14,83.849716,26.136108,1004,0.9375,2.0,93.0
2025-07-14T02:00:15,83.843994,26.160854,1004,0.1875,2.0,95.0
2025-07-14T04:00:15,83.838394,26.171070,1005,0.7500,2.0,91.0
2025-07-14T06:00:14,83.833237,26.180305,1005,2.2500,2.0,95.0
2025-07-14T08:00:15,83.828995,26.193510,1006,2.9375,2.0,100.0
2025-07-14T10:00:15,83.825325,26.209152,1007,4.3750,2.0,99.0
2025-07-14T12:00:14,83.822418,26.212626,1006,7.0000,2.0,103.0
2025-07-14T14:00:15,83.821068,26.213554,1007,6.8125,2.0,100.0
2025-07-14T16:00:15,83.822578,26.237833,1006,4.9375,2.0,105.0
2025-07-14T18:00:14,83.827644,26.278965,1005,4.2500,2.0,101.0
2025-07-14T20:00:15,83.836952,26.342749,1004,2.8125,2.0,96.0
2025-07-14T22:00:14,83.848831,26.441072,1003,1.7500,2.0,99.0
2025-07-15T00:00:15,83.858818,26.581095,1002,0.9375,2.0,92.0
2025-07-15T02:00:15,83.861313,26.751310,1002,0.7500,2.0,93.0
2025-07-15T04:00:14,83.855370,26.879791,1001,1.1250,2.0,91.0
2025-07-15T06:00:15,83.846054,26.928560,1001,1.5625,2.0,96.0
2025-07-15T08:00:15,83.838562,26.906660,1001,2.8750,2.0,96.0
2025-07-15T10:00:14,83.836746,26.892136,1002,3.3750,2.0,106.0
2025-07-15T12:00:15,83.830032,26.956127,1002,2.9375,2.0,99.0
2025-07-15T14:00:15,83.816902,27.053879,1003,2.4375,2.0,99.0
2025-07-15T16:00:14,83.795631,27.125975,1003,1.5625,3.0,91.0
2025-07-15T18:00:15,83.772820,27.144566,1004,1.1875,3.0,87.0
2025-07-15T20:00:15,83.755669,27.142010,1004,0.8750,3.0,94.0
2025-07-15T22:00:14,83.742279,27.167042,1004,0.7500,3.0,99.0
2025-07-16T00:00:15,83.729416,27.227976,1005,0.5000,3.0,91.0
2025-07-16T02:00:15,83.711327,27.292175,1005,0.4375,3.0,101.0
2025-07-16T04:00:14,83.691315,27.338873,1005,0.8125,3.0,92.0
2025-07-16T06:00:15,83.673630,27.354807,1005,0.9375,3.0,98.0
2025-07-16T08:00:15,83.660667,27.355104,1006,1.3125,3.0,97.0
2025-07-16T10:00:14,83.652557,27.362726,1006,2.1250,3.0,97.0
2025-07-16T12:00:15,83.645348,27.391178,1006,2.5000,3.0,102.0
2025-07-16T14:00:15,83.634666,27.441778,1006,1.8750,3.0,101.0
2025-07-16T16:00:14,83.619370,27.473875,1007,2.6875,3.0,96.0
2025-07-16T18:00:15,83.604546,27.470749,1007,1.5000,3.0,97.0
2025-07-16T20:00:15,83.594910,27.443813,1007,1.3125,3.0,96.0
2025-07-16T22:00:14,83.589348,27.430176,1008,0.5000,3.0,96.0
2025-07-17T00:00:15,83.583290,27.455635,1008,0.5625,3.0,100.0
2025-07-17T02:00:15,83.572441,27.494493,1008,0.6250,3.0,96.0
2025-07-17T04:00:14,83.558922,27.507694,1008,0.8125,3.0,97.0
2025-07-17T06:00:15,83.547028,27.487230,1008,1.1875,3.0,96.0
2025-07-17T08:00:14,83.539314,27.451014,1009,1.8750,3.0,97.0
2025-07-17T10:00:15,83.534081,27.421038,1009,3.0000,3.0,101.0
2025-07-17T12:00:15,83.528030,27.408735,1010,2.7500,3.0,95.0
2025-07-17T14:00:14,83.518890,27.419029,1010,2.6250,3.0,94.0
2025-07-17T16:00:15,83.504684,27.406809,1010,2.1875,3.0,95.0
2025-07-17T18:00:14,83.490326,27.361347,1010,1.5625,3.0,92.0
2025-07-17T20:00:15,83.483231,27.301088,1010,1.0000,3.0,100.0
2025-07-17T22:00:15,83.482079,27.253473,1010,1.0000,3.0,95.0
2025-07-18T00:00:14,83.483658,27.260929,1010,0.9375,3.0,98.0
2025-07-18T02:00:15,83.477646,27.307249,1010,0.8750,3.0,95.0
2025-07-18T04:00:15,83.465813,27.327843,1009,0.9375,3.0,101.0
2025-07-18T06:00:14,83.454704,27.321373,1009,0.8750,3.0,93.0
2025-07-18T08:00:15,83.450096,27.304501,1009,2.0625,3.0,94.0
2025-07-18T10:00:15,83.450592,27.335794,1009,2.3750,3.0,98.0
2025-07-18T12:00:14,83.446098,27.374956,1009,3.8125,3.0,100.0
2025-07-18T14:00:15,83.436157,27.427069,1009,3.3125,3.0,102.0
2025-07-18T16:00:15,83.422707,27.440145,1009,1.8125,3.0,95.0
2025-07-18T18:00:14,83.410728,27.415237,1010,1.1250,3.0,92.0
2025-07-18T20:00:15,83.403061,27.385916,1010,0.9375,3.0,99.0
2025-07-18T22:00:15,83.401810,27.382481,1010,1.1875,3.0,101.0
2025-07-19T00:00:14,83.400955,27.415903,1011,1.3125,3.0,98.0
2025-07-19T02:00:15,83.395966,27.466267,1011,1.5000,3.0,93.0
2025-07-19T04:00:15,83.386551,27.486891,1011,1.6250,3.0,91.0
2025-07-19T06:00:14,83.377548,27.457104,1012,2.1250,3.0,96.0
2025-07-19T08:00:15,83.374374,27.403316,1012,3.2500,3.0,100.0
2025-07-19T10:00:14,83.377838,27.380285,1013,4.6875,4.0,96.0
2025-07-19T12:00:15,83.382080,27.391220,1013,4.0625,4.0,95.0
2025-07-19T14:00:15,83.380463,27.426468,1013,4.5625,4.0,97.0
2025-07-19T16:00:14,83.373848,27.446636,1013,4.3125,4.0,103.0
2025-07-19T18:00:15,83.366409,27.425196,1014,3.1875,4.0,98.0
2025-07-19T20:00:14,83.363861,27.382360,1013,2.5625,4.0,95.0
2025-07-19T22:00:15,83.367805,27.361023,1014,2.3750,4.0,94.0
2025-07-20T00:00:15,83.373497,27.380243,1014,1.8125,4.0,99.0
2025-07-20T02:00:14,83.374893,27.424486,1014,1.8125,4.0,97.0
2025-07-20T04:00:15,83.369781,27.454432,1014,2.6250,4.0,100.0
2025-07-20T06:00:15,83.362762,27.439659,1013,3.5625,4.0,103.0
2025-07-20T08:00:14,83.359489,27.398735,1013,4.5625,4.0,97.0
2025-07-20T10:00:15,83.363091,27.372513,1013,4.1250,4.0,95.0
2025-07-20T12:00:15,83.368340,27.383856,1014,5.5000,4.0,100.0
2025-07-20T14:00:14,83.368919,27.421703,1013,9.4375,4.0,104.0
2025-07-20T16:00:15,83.363205,27.451864,1013,6.7500,4.0,103.0
2025-07-20T18:00:15,83.354652,27.450089,1013,3.5000,4.0,99.0
2025-07-20T20:00:14,83.349442,27.421156,1013,2.7500,4.0,99.0
2025-07-20T22:00:15,83.348961,27.398170,1013,1.7500,4.0,95.0
2025-07-21T00:00:15,83.349297,27.396610,1013,1.1250,4.0,100.0
2025-07-21T02:00:14,83.346939,27.434475,1013,1.1250,4.0,98.0
2025-07-21T04:00:15,83.339539,27.471371,1012,1.2500,4.0,98.0
2025-07-21T06:00:15,83.330078,27.475033,1012,1.0625,4.0,92.0
2025-07-21T08:00:14,83.321465,27.467606,1012,1.5625,4.0,100.0
2025-07-21T10:00:15,83.314896,27.470848,1012,1.6875,4.0,100.0
2025-07-21T12:00:15,83.309128,27.477043,1012,2.2500,4.0,100.0
2025-07-21T14:00:14,83.301949,27.514200,1012,2.2500,4.0,101.0
2025-07-21T16:00:15,83.291908,27.558100,1011,2.1875,4.0,95.0
2025-07-21T18:00:15,83.279343,27.588703,1011,1.5000,4.0,95.0
2025-07-21T20:00:14,83.266403,27.606749,1010,0.9375,4.0,99.0
2025-07-21T22:00:15,83.255264,27.634762,1010,0.6250,4.0,104.0
2025-07-22T00:00:15,83.244698,27.695065,1010,0.1250,4.0,103.0
2025-07-22T02:00:14,83.231758,27.771675,1009,0.3125,4.0,102.0
2025-07-22T04:00:15,83.216232,27.836145,1008,0.4375,4.0,94.0
2025-07-22T06:00:15,83.199867,27.867664,1008,0.4375,4.0,101.0
2025-07-22T08:00:14,83.185928,27.876600,1008,0.8125,4.0,100.0
2025-07-22T10:00:15,83.175674,27.889400,1008,0.9375,4.0,102.0
2025-07-22T12:00:15,83.165985,27.921511,1008,1.0000,4.0,101.0
2025-07-22T14:00:14,83.153160,27.975090,1008,1.0625,4.0,99.0
2025-07-22T16:00:15,83.137154,28.025045,1008,0.6875,4.0,95.0
2025-07-22T18:00:15,83.120010,28.033541,1008,0.4375,4.0,95.0
2025-07-22T20:00:14,83.105171,28.024433,1008,0.4375,4.0,97.0
2025-07-22T22:00:15,83.094055,28.033945,1008,0.6875,4.0,106.0
2025-07-23T00:00:15,83.083862,28.084602,1008,0.3750,4.0,96.0
2025-07-23T02:00:14,83.070488,28.148094,1007,0.3125,4.0,101.0
2025-07-23T04:00:15,83.054649,28.201151,1007,0.6250,4.0,99.0
2025-07-23T06:00:15,83.038391,28.217899,1006,0.9375,4.0,102.0
2025-07-23T08:00:14,83.024513,28.202251,1006,0.6250,4.0,95.0
2025-07-23T10:00:15,83.012299,28.198416,1005,0.5000,4.0,104.0
2025-07-23T12:00:15,82.999397,28.221643,1004,0.6250,4.0,97.0
2025-07-23T14:00:14,82.982574,28.277235,1003,0.3750,4.0,94.0
2025-07-23T16:00:15,82.960205,28.338165,1002,0.3125,4.0,104.0
2025-07-23T18:00:15,82.934425,28.357143,1000,0.0625,4.0,98.0
2025-07-23T20:00:14,82.910011,28.329107,999,0.1250,4.0,96.0
2025-07-23T22:00:15,82.889648,28.277281,998,0.3125,4.0,103.0
2025-07-24T00:00:15,82.876457,28.225666,997,0.1250,4.0,95.0
2025-07-24T02:00:14,82.868248,28.194708,997,0.3125,4.0,99.0
2025-07-24T04:00:15,82.861275,28.169758,997,0.5625,4.0,99.0
2025-07-24T06:00:15,82.853058,28.122366,997,1.1875,4.0,101.0
2025-07-24T08:00:14,82.843437,28.049314,997,1.3125,5.0,108.0
2025-07-24T10:00:15,82.836823,27.963943,997,1.5625,4.0,101.0
2025-07-24T12:00:15,82.832588,27.904364,997,1.3750,4.0,102.0
2025-07-24T14:00:14,82.829788,27.885706,997,1.1875,4.0,99.0
2025-07-24T16:00:15,82.826248,27.865742,997,0.2500,5.0,103.0
2025-07-24T18:00:15,82.822639,27.798042,998,0.5000,5.0,102.0
2025-07-24T20:00:14,82.817459,27.705219,998,0.6250,5.0,103.0
2025-07-24T22:00:15,82.810951,27.607563,997,0.5000,4.0,96.0
2025-07-25T00:00:15,82.800499,27.545185,997,0.1875,5.0,98.0
2025-07-25T02:00:14,82.789871,27.489973,997,0.3750,5.0,95.0
2025-07-25T04:00:15,82.778961,27.443941,996,0.4375,4.0,104.0
2025-07-25T06:00:15,82.765938,27.386387,996,0.6250,4.0,97.0
2025-07-25T08:00:14,82.753441,27.314573,996,1.0000,5.0,107.0
2025-07-25T10:00:15,82.740448,27.247028,996,1.1875,4.0,92.0
2025-07-25T12:00:15,82.726944,27.189882,996,1.0000,5.0,102.0
2025-07-25T14:00:14,82.714439,27.159660,996,1.0000,5.0,96.0
2025-07-25T16:00:15,82.702171,27.140881,996,0.8750,5.0,102.0
2025-07-25T18:00:15,82.689232,27.119478,995,0.5000,5.0,97.0
2025-07-25T20:00:14,82.675339,27.081781,995,0.3750,5.0,98.0
2025-07-25T22:00:15,82.664154,27.018604,996,0.4375,5.0,107.0
2025-07-26T00:00:15,82.656227,26.959948,996,0.3125,5.0,98.0
2025-07-26T02:00:14,82.648743,26.921656,997,0.6875,5.0,103.0
2025-07-26T04:00:15,82.642616,26.899191,997,1.0000,5.0,107.0
2025-07-26T06:00:15,82.635910,26.866335,998,1.8750,5.0,102.0
2025-07-26T08:00:14,82.631401,26.815392,998,2.4375,5.0,102.0
2025-07-26T10:00:15,82.628586,26.759712,999,2.9375,5.0,108.0
2025-07-26T12:00:15,82.624947,26.734812,999,3.4375,5.0,100.0
2025-07-26T14:00:14,82.617966,26.726778,1000,2.3750,5.0,100.0
2025-07-26T16:00:15,82.608376,26.713947,1001,2.1875,5.0,108.0
2025-07-26T18:00:15,82.597816,26.690786,1001,1.8125,5.0,101.0
2025-07-26T20:00:14,82.589005,26.661865,1002,1.0625,5.0,103.0
2025-07-26T22:00:15,82.582474,26.654842,1002,1.0000,5.0,100.0
2025-07-27T00:00:15,82.574547,26.667389,1003,0.5625,5.0,101.0
2025-07-27T02:00:14,82.564804,26.696880,1003,0.6250,5.0,105.0
2025-07-27T04:00:15,82.554482,26.730301,1003,1.3125,5.0,106.0
2025-07-27T06:00:15,82.546783,26.762768,1004,1.3750,5.0,105.0
2025-07-27T08:00:14,82.542358,26.804577,1004,1.7500,5.0,103.0
2025-07-27T10:00:15,82.540138,26.856840,1005,2.2500,5.0,102.0
2025-07-27T12:00:15,82.538879,26.928410,1005,2.2500,5.0,99.0
2025-07-27T14:00:14,82.534492,27.038288,1005,1.5625,5.0,106.0
2025-07-27T16:00:15,82.527405,27.150223,1005,0.9375,5.0,99.0
2025-07-27T18:00:15,82.518578,27.245029,1005,0.6250,5.0,105.0
2025-07-27T20:00:14,82.514320,27.327744,1006,0.4375,5.0,104.0
2025-07-27T22:00:15,82.513229,27.416517,1006,0.4375,5.0,107.0
2025-07-28T00:00:15,82.512741,27.526894,1006,0.1250,5.0,97.0
2025-07-28T02:00:14,82.510651,27.663795,1006,0.1250,5.0,105.0
2025-07-28T04:00:15,82.505531,27.814451,1006,0.3750,5.0,110.0
2025-07-28T06:00:15,82.499229,27.962246,1007,0.5000,5.0,101.0
2025-07-28T08:00:14,82.491684,28.084505,1008,0.8125,5.0,100.0
2025-07-28T10:00:15,82.485909,28.166033,1009,1.3125,5.0,103.0
2025-07-28T12:00:15,82.484917,28.219088,1009,1.2500,5.0,102.0
2025-07-28T14:00:14,82.487259,28.283737,1010,1.2500,5.0,102.0
2025-07-28T16:00:15,82.488037,28.394873,1010,1.0000,5.0,102.0
2025-07-28T18:00:15,82.484154,28.519672,1010,0.8750,5.0,98.0
2025-07-28T20:00:14,82.477921,28.608320,1011,0.3750,5.0,101.0
2025-07-28T22:00:15,82.474457,28.643864,1011,0.3750,5.0,106.0
2025-07-29T00:00:15,82.475517,28.662060,1011,0.1875,5.0,101.0
2025-07-29T02:00:14,82.479042,28.712479,1011,0.1875,5.0,102.0
2025-07-29T04:00:15,82.480087,28.802753,1011,0.5625,5.0,98.0
2025-07-29T06:00:15,82.476059,28.889668,1011,1.1875,5.0,97.0
2025-07-29T08:00:15,82.469788,28.932806,1012,2.8750,5.0,94.0
2025-07-29T10:00:14,82.468071,28.937632,1012,2.7500,5.0,102.0
2025-07-29T12:00:15,82.468941,28.933050,1012,3.8125,5.0,107.0
2025-07-29T14:00:15,82.472389,28.938431,1012,5.4375,5.0,101.0
2025-07-29T16:00:14,82.475212,28.970715,1011,4.5000,5.0,106.0
2025-07-29T18:00:15,82.474075,29.010876,1011,3.4375,5.0,99.0
2025-07-29T20:00:15,82.470749,29.017111,1011,2.3125,5.0,97.0
2025-07-29T22:00:14,82.470940,28.980326,1011,1.4375,5.0,100.0
2025-07-30T00:00:15,82.477417,28.941528,1011,1.5625,5.0,93.0
2025-07-30T02:00:15,82.483414,28.942366,1011,1.1250,5.0,100.0
2025-07-30T04:00:14,82.485443,28.971527,1011,1.6875,5.0,101.0
2025-07-30T06:00:15,82.481750,29.002356,1011,1.8750,5.0,97.0
2025-07-30T08:00:15,82.477493,29.000189,1011,2.3125,5.0,100.0
2025-07-30T10:00:14,82.474426,28.961395,1012,2.6875,5.0,97.0
2025-07-30T12:00:15,82.473656,28.920963,1013,2.5000,5.0,96.0
2025-07-30T14:00:15,82.471771,28.904642,1014,2.4375,5.0,101.0
2025-07-30T16:00:14,82.467407,28.931625,1015,2.2500,6.0,96.0
2025-07-30T18:00:15,82.455284,28.992870,1016,0.9375,5.0,91.0
2025-07-30T20:00:15,82.439926,29.037525,1017,0.1250,6.0,100.0
2025-07-30T22:00:14,82.426888,29.057503,1018,-0.3125,6.0,86.0
2025-07-31T00:00:15,82.419067,29.055555,1018,-0.9375,5.0,94.0
2025-07-31T02:00:15,82.418526,29.069826,1019,-1.4375,5.0,94.0
2025-07-31T04:00:14,82.419891,29.147327,1018,-0.6250,5.0,91.0
2025-07-31T06:00:15,82.419502,29.312223,1018,0.3125,5.0,89.0
2025-07-31T08:00:15,82.410461,29.505186,1019,1.0000,5.0,91.0
2025-07-31T10:00:14,82.398811,29.647219,1019,1.7500,5.0,97.0
2025-07-31T12:00:15,82.391541,29.736032,1020,2.1250,5.0,100.0
2025-07-31T14:00:15,82.391075,29.815880,1020,2.2500,5.0,96.0
2025-07-31T16:00:14,82.395554,29.929855,1019,1.7500,5.0,97.0
2025-07-31T18:00:15,82.396431,30.108248,1019,1.2500,5.0,97.0
2025-07-31T20:00:15,82.390701,30.281778,1020,0.7500,5.0,100.0
2025-07-31T22:00:14,82.382706,30.401182,1019,0.9375,6.0,99.0
2025-08-01T00:00:15,82.377518,30.452148,1019,0.6875,5.0,94.0
2025-08-01T02:00:15,82.379990,30.468136,1019,0.9375,6.0,95.0
2025-08-01T04:00:14,82.389664,30.502312,1018,0.8750,6.0,92.0
2025-08-01T06:00:15,82.399483,30.599512,1017,1.4375,5.0,98.0
2025-08-01T08:00:15,82.403786,30.732218,1017,2.0000,6.0,94.0
2025-08-01T10:00:14,82.399979,30.830023,1017,2.2500,6.0,95.0
2025-08-01T12:00:15,82.394379,30.848101,1016,3.0625,6.0,101.0
2025-08-01T14:00:15,82.396149,30.806890,1015,3.3125,6.0,93.0
2025-08-01T16:00:14,82.406715,30.792269,1013,3.1875,6.0,101.0
2025-08-01T18:00:15,82.418320,30.843491,1012,2.3125,6.0,94.0
2025-08-01T20:00:15,82.426102,30.935005,1011,1.2500,6.0,94.0
2025-08-01T22:00:14,82.430801,31.018721,1009,1.0000,6.0,94.0
2025-08-02T00:00:15,82.437256,31.035372,1008,0.6250,6.0,97.0
2025-08-02T02:00:15,82.450653,31.037046,1006,0.5625,6.0,88.0
2025-08-02T04:00:14,82.465050,31.086687,1005,0.8750,6.0,89.0
2025-08-02T06:00:15,82.473228,31.181831,1004,1.1250,6.0,91.0
2025-08-02T08:00:15,82.473526,31.290327,1004,2.0000,6.0,95.0
2025-08-02T10:00:14,82.466194,31.374300,1005,4.1875,6.0,95.0
2025-08-02T12:00:15,82.460403,31.395861,1005,3.6875,6.0,96.0
2025-08-02T14:00:15,82.464401,31.407305,1006,2.1875,6.0,92.0
2025-08-02T16:00:14,82.472771,31.476074,1006,1.8125,6.0,94.0
2025-08-02T18:00:15,82.477409,31.595865,1007,1.5625,6.0,97.0
2025-08-02T20:00:15,82.475311,31.748934,1007,1.3125,6.0,89.0
2025-08-02T22:00:14,82.467438,31.871107,1008,1.1250,6.0,96.0
2025-08-03T00:00:15,82.459938,31.952978,1009,0.5625,7.0,87.0
2025-08-03T02:00:15,82.457802,31.985643,1010,0.5625,6.0,98.0
2025-08-03T04:00:14,82.462685,32.039955,1011,0.5625,7.0,97.0
2025-08-03T06:00:15,82.467125,32.132393,1011,1.1875,7.0,96.0
2025-08-03T08:00:15,82.466003,32.272545,1013,1.8750,7.0,88.0
2025-08-03T10:00:14,82.458107,32.410740,1014,2.6250,7.0,91.0
2025-08-03T12:00:15,82.450142,32.473724,1015,2.5625,7.0,99.0
2025-08-03T14:00:15,82.451347,32.509399,1016,3.0625,7.0,96.0
2025-08-03T16:00:14,82.458549,32.578453,1017,1.7500,7.0,95.0
2025-08-03T18:00:15,82.466011,32.720512,1017,1.2500,7.0,92.0
2025-08-03T20:00:15,82.466980,32.890747,1018,1.0000,7.0,89.0
2025-08-03T22:00:14,82.460808,33.024136,1019,0.9375,7.0,95.0
2025-08-04T00:00:15,82.456573,33.086308,1020,0.9375,7.0,89.0
2025-08-04T02:00:15,82.462357,33.076820,1019,1.3125,7.0,97.0
2025-08-04T04:00:14,82.479118,33.097301,1019,1.4375,7.0,97.0
2025-08-04T06:00:15,82.500366,33.131035,1018,1.5625,7.0,95.0
2025-08-04T08:00:15,82.518456,33.264839,1017,2.5625,7.0,95.0
2025-08-04T10:00:14,82.528137,33.422138,1018,4.1250,7.0,97.0
2025-08-04T12:00:15,82.533134,33.542877,1018,2.9375,7.0,93.0
2025-08-04T14:00:15,82.542770,33.627430,1018,2.1250,8.0,91.0
2025-08-04T16:00:14,82.560921,33.708702,1018,1.7500,8.0,93.0
2025-08-04T18:00:15,82.581825,33.835045,1018,1.3125,8.0,101.0
2025-08-04T20:00:15,82.599518,33.980392,1018,0.9375,8.0,105.0
2025-08-04T22:00:14,82.613068,34.122852,1017,0.9375,8.0,100.0
2025-08-05T00:00:15,82.628723,34.233700,1017,0.5000,8.0,102.0
2025-08-05T02:00:15,82.646301,34.305794,1017,0.5000,8.0,107.0
2025-08-05T04:00:14,82.668648,34.374622,1016,0.6250,8.0,104.0
2025-08-05T06:00:15,82.695198,34.447857,1016,0.8750,9.0,107.0
2025-08-05T08:00:15,82.717537,34.522240,1016,1.0000,9.0,105.0
2025-08-05T10:00:14,82.739365,34.568192,1015,1.2500,9.0,104.0
2025-08-05T12:00:15,82.763100,34.612652,1015,1.7500,9.0,107.0
2025-08-05T14:00:15,82.785416,34.684956,1015,1.6250,9.0,101.0
2025-08-05T16:00:14,82.807640,34.762150,1015,1.3125,9.0,84.0
2025-08-05T18:00:15,82.831520,34.857571,1015,1.0000,9.0,86.0
2025-08-05T20:00:15,82.852608,34.954876,1015,0.7500,10.0,93.0
2025-08-05T22:00:14,82.867889,35.028843,1015,0.8125,10.0,93.0
2025-08-06T00:00:15,82.883995,35.074226,1015,0.6250,10.0,95.0
2025-08-06T02:00:15,82.901955,35.132759,1015,0.6250,10.0,92.0
2025-08-06T04:00:14,82.919357,35.207176,1015,0.8125,10.0,102.0
2025-08-06T06:00:15,82.934151,35.285427,1015,0.8750,10.0,84.0
2025-08-06T08:00:15,82.948189,35.339745,1015,0.9375,10.0,101.0
2025-08-06T10:00:14,82.965073,35.395035,1015,1.5000,11.0,105.0
2025-08-06T12:00:15,82.982368,35.497810,1015,1.8750,11.0,92.0
2025-08-06T14:00:15,82.993011,35.619118,1016,1.9375,11.0,92.0
2025-08-06T16:00:14,83.000008,35.712540,1016,1.5000,12.0,89.0
2025-08-06T18:00:15,83.008484,35.761028,1016,1.0000,12.0,75.0
2025-08-06T20:00:15,83.021805,35.775394,1016,0.9375,13.0,93.0
2025-08-06T22:00:14,83.036110,35.817955,1016,0.4375,13.0,83.0
2025-08-07T00:00:15,83.050323,35.895420,1016,1.0625,13.0,82.0
2025-08-07T02:00:15,83.057762,35.991062,1017,3.0000,14.0,98.0
2025-08-07T04:00:14,83.060715,36.049919,1016,5.3125,15.0,82.0
2025-08-07T06:00:15,83.061974,36.043427,1015,7.6250,17.0,96.0
2025-08-07T08:00:15,83.066154,35.992416,1014,8.2500,20.0,88.0
2025-08-07T10:00:14,83.074409,35.932503,1013,4.7500,23.0,106.0
2025-08-07T12:00:15,83.081741,35.897148,1012,3.2500,24.0,108.0
2025-08-07T14:00:15,83.085823,35.847485,1010,3.2500,24.0,92.0
2025-08-07T16:00:14,83.090912,35.774628,1009,2.0000,24.0,96.0
2025-08-07T18:00:15,83.096367,35.699093,1008,1.6875,24.0,97.0
2025-08-07T20:00:15,83.104416,35.628841,1007,1.5000,24.0,99.0
2025-08-07T22:00:14,83.114815,35.595703,1007,1.5000,24.0,93.0
2025-08-08T00:00:15,83.125725,35.613411,1007,1.0000,23.0,89.0
2025-08-08T02:00:15,83.135796,35.644337,1006,0.6875,23.0,92.0
2025-08-08T04:00:14,83.144257,35.681629,1007,0.8750,23.0,94.0
2025-08-08T06:00:15,83.150681,35.695183,1007,1.0625,23.0,95.0
2025-08-08T08:00:15,83.162636,35.690975,1007,1.3125,23.0,93.0
2025-08-08T10:00:14,83.175339,35.696014,1007,1.3125,23.0,102.0
2025-08-08T12:00:15,83.188835,35.725475,1006,1.6875,23.0,98.0
2025-08-08T14:00:15,83.198486,35.767334,1006,1.6875,23.0,98.0
2025-08-08T16:00:14,83.205910,35.789982,1006,1.1250,23.0,104.0
2025-08-08T18:00:15,83.214104,35.788815,1006,0.8750,23.0,103.0
2025-08-08T20:00:15,83.224403,35.785595,1007,0.6875,23.0,102.0
2025-08-08T22:00:14,83.236916,35.809776,1007,0.6875,23.0,106.0
2025-08-09T00:00:15,83.246216,35.892944,1007,0.4375,23.0,93.0
2025-08-09T02:00:15,83.250710,35.972977,1008,0.5625,23.0,86.0
2025-08-09T04:00:14,83.256630,36.043522,1009,1.0625,23.0,85.0
2025-08-09T06:00:15,83.261749,36.104370,1010,1.1875,23.0,78.0
2025-08-09T08:00:15,83.264778,36.158016,1012,2.0625,24.0,84.0
2025-08-09T10:00:14,83.267296,36.221035,1014,3.0625,24.0,87.0
2025-08-09T12:00:15,83.269234,36.295395,1015,3.1250,25.0,82.0
2025-08-09T14:00:15,83.269501,36.379650,1017,2.6250,25.0,83.0
2025-08-09T16:00:14,83.265778,36.451435,1018,2.0000,25.0,91.0
2025-08-09T18:00:15,83.262474,36.471493,1019,1.3125,25.0,86.0
2025-08-09T20:00:15,83.263290,36.463509,1019,0.8750,25.0,88.0
2025-08-09T22:00:14,83.270866,36.459629,1020,1.0625,25.0,98.0
2025-08-10T00:00:15,83.281418,36.487354,1021,0.6250,25.0,96.0
2025-08-10T02:00:15,83.290359,36.583179,1021,0.7500,25.0,94.0
2025-08-10T04:00:14,83.292458,36.699963,1021,1.2500,25.0,92.0
2025-08-10T06:00:15,83.292099,36.744556,1022,1.6250,25.0,105.0
2025-08-10T08:00:15,83.295372,36.730698,1022,2.8125,25.0,98.0
2025-08-10T10:00:14,83.306816,36.707027,1022,3.4375,25.0,101.0
2025-08-10T12:00:15,83.322334,36.729797,1022,4.8750,25.0,106.0
2025-08-10T14:00:15,83.333488,36.811043,1022,4.7500,25.0,99.0
2025-08-10T16:00:14,83.337616,36.875023,1022,3.7500,25.0,100.0
2025-08-10T18:00:15,83.335670,36.914314,1022,2.7500,25.0,101.0
2025-08-10T20:00:15,83.335289,36.899433,1021,1.6250,25.0,107.0
2025-08-10T22:00:14,83.343475,36.867065,1021,1.3125,25.0,101.0
2025-08-11T00:00:15,83.354622,36.892918,1022,0.8750,24.0,103.0
2025-08-11T02:00:15,83.361420,36.972614,1021,0.9375,25.0,96.0
2025-08-11T04:00:14,83.361603,37.055531,1021,1.0000,24.0,100.0
2025-08-11T06:00:15,83.360077,37.077110,1021,1.1250,24.0,102.0
2025-08-11T08:00:15,83.363319,37.066238,1021,2.0000,24.0,104.0
2025-08-11T10:00:14,83.372169,37.059464,1021,2.9375,24.0,106.0
2025-08-11T12:00:15,83.383240,37.091843,1021,3.0000,24.0,104.0
2025-08-11T14:00:15,83.392204,37.160618,1021,2.6875,24.0,109.0
2025-08-11T16:00:14,83.396179,37.238731,1021,2.2500,24.0,110.0
2025-08-11T18:00:15,83.397514,37.283493,1021,1.6875,24.0,108.0
2025-08-11T20:00:15,83.403091,37.292500,1021,1.0000,24.0,109.0
2025-08-11T22:00:14,83.414459,37.307831,1021,0.6875,24.0,105.0
2025-08-12T00:00:15,83.426758,37.361557,1021,0.0625,24.0,109.0
2025-08-12T02:00:15,83.434738,37.446861,1021,0.3750,24.0,110.0
2025-08-12T04:00:14,83.435577,37.510342,1021,0.7500,24.0,113.0
2025-08-12T06:00:15,83.436180,37.498249,1020,0.7500,24.0,116.0
2025-08-12T08:00:15,83.442146,37.447739,1020,0.8125,24.0,112.0
2025-08-12T10:00:14,83.458084,37.404301,1020,1.2500,24.0,108.0
2025-08-12T12:00:15,83.475983,37.447861,1020,1.9375,24.0,110.0
2025-08-12T14:00:15,83.482574,37.568710,1020,2.5625,24.0,106.0
2025-08-12T16:00:14,83.476860,37.639030,1019,1.5000,24.0,110.0
2025-08-12T18:00:15,83.472588,37.602493,1019,1.0000,24.0,109.0
2025-08-12T20:00:15,83.475166,37.531551,1019,0.8125,24.0,108.0
2025-08-12T22:00:14,83.487137,37.500694,1018,0.9375,24.0,109.0
2025-08-13T00:00:15,83.499199,37.557873,1018,0.6250,24.0,108.0
2025-08-13T02:00:15,83.502747,37.653790,1018,0.7500,24.0,109.0
2025-08-13T04:00:14,83.496574,37.720524,1019,1.3125,24.0,106.0
2025-08-13T06:00:15,83.488205,37.710522,1018,1.9375,23.0,112.0
2025-08-13T08:00:15,83.486824,37.637779,1019,2.8750,24.0,112.0
2025-08-13T10:00:14,83.495628,37.576057,1019,2.8125,24.0,110.0
2025-08-13T12:00:15,83.508629,37.593788,1019,2.7500,23.0,106.0
2025-08-13T14:00:15,83.516663,37.674629,1018,2.0625,24.0,106.0
2025-08-13T16:00:14,83.515549,37.752609,1018,1.6875,23.0,108.0
2025-08-13T18:00:15,83.511215,37.713936,1017,1.2500,23.0,111.0
2025-08-13T20:00:15,83.518982,37.560383,1016,0.8125,23.0,116.0
2025-08-13T22:00:14,83.540207,37.460045,1016,0.8125,23.0,116.0
2025-08-14T00:00:15,83.566414,37.493763,1015,0.6250,23.0,112.0
2025-08-14T02:00:15,83.583778,37.647224,1014,0.7500,23.0,113.0
2025-08-14T04:00:14,83.586678,37.812000,1014,0.6250,23.0,114.0
2025-08-14T06:00:15,83.583954,37.881550,1013,0.8125,23.0,113.0
2025-08-14T08:00:15,83.587822,37.855099,1014,1.1875,23.0,110.0
2025-08-14T10:00:14,83.603394,37.834435,1013,1.2500,23.0,110.0
2025-08-14T12:00:15,83.624084,37.894691,1013,1.0625,23.0,115.0
2025-08-14T14:00:15,83.637993,38.029137,1012,0.9375,23.0,114.0
2025-08-14T16:00:14,83.639778,38.160995,1011,0.8125,23.0,114.0
2025-08-14T18:00:15,83.635773,38.186947,1011,0.5000,23.0,113.0
2025-08-14T20:00:15,83.637924,38.119209,1010,0.5000,23.0,111.0
2025-08-14T22:00:14,83.651833,38.043674,1008,0.8750,23.0,109.0
2025-08-15T00:00:15,83.672089,38.045418,1007,0.4375,23.0,107.0
2025-08-15T02:00:15,83.687614,38.123177,1006,0.4375,23.0,108.0
2025-08-15T04:00:14,83.694290,38.208076,1005,0.5000,23.0,116.0
2025-08-15T06:00:15,83.695717,38.240219,1004,0.5625,23.0,115.0
2025-08-15T08:00:15,83.699371,38.222778,1004,0.7500,23.0,113.0
2025-08-15T10:00:14,83.709747,38.206844,1004,1.3125,23.0,109.0
2025-08-15T12:00:15,83.725548,38.234913,1004,1.3125,23.0,116.0
2025-08-15T14:00:15,83.737541,38.316086,1004,0.9375,23.0,106.0
2025-08-15T16:00:14,83.742996,38.380810,1004,0.6875,23.0,106.0
2025-08-15T18:00:15,83.744095,38.398556,1003,0.6250,23.0,112.0
2025-08-15T20:00:15,83.747185,38.369316,1004,0.5625,23.0,105.0
2025-08-15T22:00:14,83.756897,38.332985,1004,0.7500,23.0,109.0
2025-08-16T00:00:15,83.770302,38.329987,1003,0.3125,23.0,111.0
2025-08-16T02:00:15,83.781181,38.379883,1003,0.3750,23.0,111.0
2025-08-16T04:00:14,83.784256,38.428280,1003,0.4375,23.0,114.0
2025-08-16T06:00:15,83.783432,38.403233,1002,0.8750,23.0,116.0
2025-08-16T08:00:15,83.785210,38.292870,1001,0.8125,23.0,109.0
2025-08-16T10:00:14,83.794136,38.151833,1000,0.4375,23.0,114.0
2025-08-16T12:00:15,83.809624,38.052013,999,0.3750,23.0,110.0
2025-08-16T14:00:15,83.822990,38.051067,998,0.2500,23.0,112.0
2025-08-16T16:00:14,83.827652,38.096127,997,0.3750,23.0,117.0
2025-08-16T18:00:15,83.823303,38.135986,997,0.5000,23.0,113.0
2025-08-16T20:00:15,83.818390,38.099697,997,0.3750,23.0,112.0
2025-08-16T22:00:14,83.820122,38.031219,997,0.3750,23.0,109.0
2025-08-17T00:00:15,83.827644,38.025349,997,0.1250,23.0,109.0
2025-08-17T02:00:15,83.831535,38.094627,998,0.6250,23.0,116.0
2025-08-17T04:00:14,83.825119,38.181007,998,0.6875,23.0,111.0
2025-08-17T06:00:15,83.806381,38.222160,999,0.6875,23.0,108.0
2025-08-17T08:00:15,83.784210,38.161621,1000,0.7500,23.0,106.0
2025-08-17T10:00:14,83.767975,38.046322,1002,1.0000,23.0,114.0
2025-08-17T12:00:15,83.755936,37.952789,1002,1.3750,23.0,104.0
2025-08-17T14:00:15,83.741440,37.905655,1003,0.8750,23.0,111.0
2025-08-17T16:00:14,83.717422,37.847332,1004,0.4375,23.0,107.0
2025-08-17T18:00:15,83.689186,37.686077,1005,-0.2500,23.0,106.0
2025-08-17T20:00:15,83.670776,37.472107,1005,-0.4375,23.0,107.0
2025-08-17T22:00:14,83.665375,37.340221,1005,-0.4375,23.0,110.0
2025-08-18T00:00:15,83.657578,37.361324,1005,-0.5625,23.0,109.0
2025-08-18T02:00:15,83.637543,37.412384,1005,-0.6250,23.0,104.0
2025-08-18T04:00:14,83.608841,37.324181,1006,-0.5625,23.0,107.0
2025-08-18T06:00:15,83.585548,37.099430,1007,-0.5625,23.0,113.0
2025-08-18T08:00:15,83.576874,36.838657,1008,-0.3750,23.0,113.0
2025-08-18T10:00:15,83.580544,36.659229,1009,-0.3125,23.0,113.0
2025-08-18T12:00:14,83.582466,36.593349,1009,-0.1875,23.0,113.0
2025-08-18T14:00:15,83.574516,36.580307,1010,0.1875,23.0,108.0
2025-08-18T16:00:15,83.559883,36.524727,1010,1.1250,23.0,115.0
2025-08-18T18:00:14,83.547058,36.387409,1009,0.6875,23.0,113.0
2025-08-18T20:00:15,83.538567,36.234058,1010,-1.2500,23.0,102.0
2025-08-18T22:00:15,83.534569,36.110970,1009,-1.5625,23.0,111.0
2025-08-19T00:00:15,83.532127,36.023170,1009,-1.8750,23.0,111.0
2025-08-19T02:00:14,83.526680,35.966595,1009,-2.0000,23.0,108.0
2025-08-19T04:00:15,83.515884,35.881077,1009,-2.0625,23.0,107.0
2025-08-19T06:00:15,83.503609,35.738632,1010,-2.0000,23.0,108.0
2025-08-19T08:00:15,83.495590,35.538055,1010,-1.5000,23.0,114.0
2025-08-19T10:00:14,83.493065,35.360046,1011,-0.9375,23.0,105.0
2025-08-19T12:00:15,83.493011,35.258087,1012,-0.6250,23.0,96.0
2025-08-19T14:00:15,83.484947,35.174885,1012,-0.5625,23.0,94.0
2025-08-19T16:00:15,83.475357,35.047436,1013,-0.8125,23.0,87.0
2025-08-19T18:00:14,83.464981,34.841068,1014,-1.0625,23.0,85.0
2025-08-19T20:00:15,83.458672,34.610424,1014,-0.9375,23.0,88.0
2025-08-19T22:00:15,83.451035,34.425690,1015,-1.1250,23.0,91.0
2025-08-20T00:00:14,83.439888,34.267651,1016,-1.5000,23.0,83.0
2025-08-20T02:00:15,83.426231,34.103703,1016,-1.6250,23.0,91.0
2025-08-20T04:00:15,83.412209,33.942482,1016,-1.4375,23.0,92.0
2025-08-20T06:00:15,83.398750,33.770355,1017,-1.3750,23.0,105.0
2025-08-20T08:00:14,83.386864,33.569855,1017,-1.1875,23.0,106.0
2025-08-20T10:00:15,83.381653,33.415585,1018,-0.8125,23.0,112.0
2025-08-20T12:00:15,83.373901,33.319740,1018,-0.5625,23.0,109.0
2025-08-20T14:00:14,83.364502,33.269367,1019,0.0000,23.0,109.0
2025-08-20T16:00:15,83.350601,33.209515,1019,-0.1875,23.0,120.0
2025-08-20T18:00:15,83.335739,33.052330,1019,0.1250,23.0,111.0
2025-08-20T20:00:14,83.325340,32.876701,1019,-0.2500,23.0,112.0
2025-08-20T22:00:15,83.313667,32.645561,1020,-0.3125,23.0,109.0
2025-08-21T00:00:15,83.303848,32.473225,1020,-0.8750,23.0,103.0
2025-08-21T02:00:14,83.289818,32.319004,1020,-0.7500,23.0,88.0
2025-08-21T04:00:15,83.280006,32.106548,1020,-0.7500,23.0,107.0
2025-08-21T06:00:15,83.270813,31.894417,1019,-0.5000,23.0,108.0
2025-08-21T08:00:15,83.261642,31.688084,1019,-0.5625,23.0,107.0
2025-08-21T10:00:14,83.253242,31.503635,1019,-0.3125,24.0,105.0
2025-08-21T12:00:15,83.242889,31.386633,1019,-0.3125,23.0,111.0
2025-08-21T14:00:15,83.232635,31.266556,1019,0.1250,33.0,110.0
2025-08-21T16:00:14,83.222046,31.145378,1018,2.0000,35.0,118.0
2025-08-21T18:00:15,83.215363,30.976910,1017,2.5000,36.0,122.0
2025-08-21T20:00:15,83.211388,30.836193,1012,-0.1875,1.0,75.0
2025-08-21T22:00:14,83.202911,30.730101,1012,-1.0000,2.0,85.0
2025-08-22T00:00:15,83.195908,30.642450,1011,-0.9375,4.0,110.0
2025-08-22T02:00:15,83.185493,30.590231,1011,-1.5625,3.0,106.0
2025-08-22T04:00:15,83.177124,30.510593,1012,-1.3750,3.0,108.0
2025-08-22T06:00:14,83.173615,30.429810,1012,-1.3750,3.0,114.0
2025-08-22T08:00:15,83.172493,30.371370,1014,-0.6875,2.0,105.0
2025-08-22T10:00:15,83.169357,30.341070,1013,-0.5000,2.0,113.0
2025-08-22T12:00:14,83.163300,30.358435,1013,-0.2500,2.0,116.0
2025-08-22T14:00:15,83.156563,30.358988,1014,-0.0625,5.0,120.0
2025-08-22T16:00:15,83.152657,30.350643,1014,0.2500,2.0,117.0
2025-08-22T18:00:14,83.152687,30.355530,1014,-0.0625,7.0,114.0
2025-08-22T20:00:15,83.153435,30.372108,1013,-0.1875,10.0,119.0
2025-08-22T22:00:15,83.156288,30.395599,1012,-0.2500,4.0,112.0
2025-08-23T00:00:14,83.157967,30.440804,1012,-0.5625,1.0,113.0
2025-08-23T02:00:15,83.154556,30.504593,1012,-0.5625,3.0,111.0
2025-08-23T04:00:15,83.152428,30.540310,1012,-0.5000,2.0,107.0
2025-08-23T06:00:15,83.151482,30.555418,1013,-0.1250,2.0,96.0
2025-08-23T08:00:14,83.153473,30.544943,1013,-0.0625,2.0,106.0
2025-08-23T10:00:15,83.159660,30.568750,1013,0.0625,2.0,116.0
2025-08-23T12:00:15,83.159012,30.622883,1013,0.0000,2.0,112.0
2025-08-23T14:00:14,83.153839,30.656149,1014,0.1875,2.0,108.0
2025-08-23T16:00:15,83.148842,30.650511,1013,0.3750,2.0,110.0
2025-08-23T18:00:15,83.147774,30.616732,1012,-0.1875,3.0,123.0
2025-08-23T20:00:14,83.153374,30.604767,1012,-0.2500,2.0,101.0
2025-08-23T22:00:15,83.158806,30.642393,1013,-0.1875,3.0,105.0
2025-08-24T00:00:15,83.156677,30.693333,1014,0.6875,3.0,116.0
2025-08-24T02:00:14,83.153381,30.728807,1013,0.1875,2.0,117.0
2025-08-24T04:00:15,83.148903,30.734095,1012,-0.3750,3.0,114.0
2025-08-24T06:00:15,83.150108,30.731106,1013,-0.1875,2.0,118.0
2025-08-24T08:00:14,83.153305,30.725388,1013,0.1250,2.0,106.0
2025-08-24T10:00:15,83.156929,30.744032,1013,0.0000,3.0,109.0
2025-08-24T12:00:15,83.153893,30.791265,1014,0.5000,2.0,84.0
2025-08-24T14:00:14,83.144867,30.841640,1013,0.0625,2.0,118.0
2025-08-24T16:00:15,83.136269,30.857975,1013,-0.0625,2.0,93.0
2025-08-24T18:00:15,83.132645,30.846140,1012,-0.1875,7.0,97.0
2025-08-24T20:00:14,83.133438,30.851431,1011,-0.3125,4.0,80.0
2025-08-24T22:00:15,83.133438,30.898438,1011,-0.0625,6.0,98.0
2025-08-25T00:00:15,83.133331,30.972605,1011,-0.3125,2.0,95.0
2025-08-25T02:00:14,83.132439,31.040010,1011,-0.2500,9.0,92.0
2025-08-25T04:00:15,83.130280,31.111553,1011,-0.1250,6.0,88.0
2025-08-25T06:00:15,83.125259,31.165638,1011,-0.3750,2.0,116.0
2025-08-25T08:00:14,83.119980,31.169336,1011,-0.3125,8.0,127.0
2025-08-25T10:00:15,83.115814,31.161762,1012,-0.2500,4.0,89.0
2025-08-25T12:00:15,83.110428,31.183186,1012,-0.1875,6.0,104.0
2025-08-25T14:00:14,83.099854,31.185793,1013,0.1250,2.0,100.0
2025-08-25T16:00:15,83.091812,31.147926,1011,-0.5625,2.0,104.0
2025-08-25T18:00:15,83.090096,31.112667,1010,-1.2500,2.0,95.0
2025-08-25T20:00:15,83.094910,31.083733,1011,-1.1250,5.0,72.0
2025-08-25T22:00:14,83.098305,31.079418,1011,-1.0000,3.0,76.0
2025-08-26T00:00:15,83.099991,31.112347,1011,-0.8750,5.0,58.0
2025-08-26T02:00:15,83.096794,31.150778,1011,-0.6875,4.0,81.0
2025-08-26T04:00:15,83.095093,31.147207,1012,-0.3750,3.0,101.0
2025-08-26T06:00:14,83.099182,31.140202,1012,-0.0625,5.0,95.0
2025-08-26T08:00:15,83.106018,31.169395,1011,0.0625,0.0,75.0
2025-08-26T10:00:15,83.111038,31.225870,1012,0.1250,5.0,77.0
2025-08-26T12:00:14,83.112679,31.264860,1011,0.0625,7.0,72.0
2025-08-26T14:00:15,83.112091,31.269663,1010,-0.1250,8.0,82.0
2025-08-26T16:00:15,83.114731,31.271769,1010,-0.1250,4.0,88.0
2025-08-26T18:00:14,83.121376,31.292625,1009,-0.3125,7.0,111.0
2025-08-26T20:00:15,83.126312,31.333979,1009,-0.6875,8.0,95.0
2025-08-26T22:00:15,83.129715,31.386847,1008,-0.7500,2.0,65.0
2025-08-27T00:00:15,83.127258,31.436909,1008,-1.0000,6.0,55.0
2025-08-27T02:00:14,83.123344,31.426212,1008,-1.0625,3.0,85.0
2025-08-27T04:00:15,83.124794,31.382952,1008,-0.8750,7.0,89.0
2025-08-27T06:00:15,83.134224,31.373674,1008,-0.8125,4.0,84.0
2025-08-27T08:00:15,83.143517,31.416470,1008,-0.5625,3.0,76.0
2025-08-27T10:00:14,83.146179,31.448734,1007,-0.0625,3.0,104.0
2025-08-27T12:00:15,83.145668,31.420366,1005,-0.2500,1.0,58.0
2025-08-27T14:00:15,83.145790,31.350431,1006,-0.3125,4.0,75.0
2025-08-27T16:00:14,83.148720,31.299660,1006,-0.3750,8.0,86.0
2025-08-27T18:00:15,83.151985,31.276489,1005,-0.6875,5.0,119.0
2025-08-27T20:00:15,83.151520,31.300554,1005,-0.9375,4.0,108.0
2025-08-27T22:00:15,83.145477,31.312395,1004,-0.7500,2.0,99.0
2025-08-28T00:00:14,83.135826,31.307676,1004,-1.0000,6.0,100.0
2025-08-28T02:00:15,83.125145,31.280342,1004,-1.2500,4.0,126.0
2025-08-28T04:00:15,83.119461,31.245146,1004,-1.1250,9.0,132.0
2025-08-28T06:00:15,83.119820,31.226557,1005,-0.8750,0.0,107.0
2025-08-28T08:00:14,83.115730,31.265156,1005,-0.9375,2.0,112.0
2025-08-28T10:00:15,83.103928,31.318523,1006,-0.5625,3.0,108.0
2025-08-28T12:00:15,83.093414,31.342213,1007,-0.1875,3.0,110.0
2025-08-28T14:00:14,83.089890,31.336658,1008,0.6250,2.0,99.0
2025-08-28T16:00:15,83.093163,31.337940,1006,-0.1250,2.0,85.0
2025-08-28T18:00:15,83.099396,31.377508,1005,-0.8750,3.0,83.0
2025-08-28T20:00:15,83.106186,31.445850,1006,-1.1250,7.0,100.0
2025-08-28T22:00:14,83.104607,31.561388,1006,-1.0000,1.0,89.0
2025-08-29T00:00:15,83.098579,31.608652,1006,-1.1250,9.0,89.0
2025-08-29T02:00:15,83.099518,31.602329,1007,-1.0000,9.0,87.0
2025-08-29T04:00:15,83.107628,31.617355,1007,-0.7500,6.0,91.0
2025-08-29T06:00:14,83.117607,31.669588,1008,-0.7500,4.0,67.0
2025-08-29T08:00:15,83.124023,31.740063,1008,-0.6875,5.0,70.0
2025-08-29T10:00:15,83.126183,31.798101,1008,-0.5625,7.0,72.0
2025-08-29T12:00:15,83.129227,31.810427,1009,-0.4375,9.0,80.0
2025-08-29T14:00:14,83.137482,31.811581,1008,-0.5000,5.0,71.0
2025-08-29T16:00:15,83.148956,31.862810,1008,-0.5000,3.0,93.0
2025-08-29T18:00:15,83.159355,31.962959,1009,-0.4375,3.0,76.0
2025-08-29T20:00:15,83.164474,32.078728,1009,-0.3750,3.0,77.0
2025-08-29T22:00:14,83.166412,32.169479,1009,-0.0625,4.0,84.0
2025-08-30T00:00:15,83.165977,32.281227,1009,-0.5625,4.0,92.0
2025-08-30T02:00:15,83.162727,32.351906,1010,-0.6250,8.0,92.0
2025-08-30T04:00:14,83.160950,32.402782,1011,-0.6875,5.0,64.0
2025-08-30T06:00:15,83.161629,32.427414,1013,-0.5625,1.0,103.0
2025-08-30T08:00:15,83.165604,32.434017,1013,-0.3750,2.0,69.0
2025-08-30T10:00:15,83.173134,32.445122,1013,-0.3750,4.0,82.0
2025-08-30T12:00:14,83.184326,32.445049,1014,-0.3125,1.0,78.0
2025-08-30T14:00:15,83.196602,32.467178,1014,0.0000,1.0,87.0
2025-08-30T16:00:15,83.202957,32.527512,1014,0.0000,5.0,83.0
2025-08-30T18:00:14,83.205421,32.594162,1015,-0.1250,9.0,83.0
2025-08-30T20:00:15,83.206902,32.644596,1015,-0.0625,7.0,102.0
2025-08-30T22:00:15,83.209793,32.672882,1015,0.0000,5.0,84.0
2025-08-31T00:00:14,83.213989,32.719685,1016,-0.0625,2.0,82.0
2025-08-31T02:00:15,83.216141,32.792534,1015,0.0000,9.0,95.0
2025-08-31T04:00:15,83.216148,32.837181,1015,-0.1250,8.0,83.0
2025-08-31T06:00:14,83.219002,32.807800,1015,0.0625,5.0,66.0
2025-08-31T08:00:15,83.223923,32.787376,1016,0.1250,6.0,75.0
2025-08-31T10:00:15,83.228233,32.800121,1015,0.1875,11.0,82.0
2025-08-31T12:00:15,83.228798,32.843433,1016,0.0625,4.0,76.0
2025-08-31T14:00:14,83.228523,32.872005,1015,-0.2500,5.0,112.0
2025-08-31T16:00:15,83.225883,32.889305,1015,-0.4375,11.0,76.0
2025-08-31T18:00:15,83.224976,32.894604,1014,-0.7500,6.0,78.0
2025-08-31T20:00:15,83.226791,32.898422,1014,-0.7500,5.0,76.0
2025-08-31T22:00:14,83.228653,32.895802,1014,-0.6250,2.0,59.0
2025-09-01T00:00:15,83.228844,32.895405,1014,-0.6250,3.0,85.0
2025-09-01T02:00:15,83.226288,32.891251,1014,-0.6250,3.0,87.0
2025-09-01T04:00:14,83.225975,32.896744,1014,-0.5000,9.0,95.0
2025-09-01T06:00:15,83.224953,32.894455,1014,-0.3750,5.0,69.0
2025-09-01T08:00:15,83.224113,32.884720,1015,-0.1875,3.0,77.0
2025-09-01T10:00:15,83.227112,32.871132,1014,0.0000,4.0,87.0
2025-09-01T12:00:14,83.232727,32.871380,1014,-0.3125,2.0,89.0
2025-09-01T14:00:15,83.235420,32.881058,1013,-0.3750,11.0,84.0
2025-09-01T16:00:15,83.235420,32.879364,1013,-0.5625,4.0,81.0
2025-09-01T18:00:14,83.236572,32.869225,1012,-0.7500,3.0,76.0
2025-09-01T20:00:15,83.239052,32.868755,1012,-1.1875,6.0,91.0
2025-09-01T22:00:15,83.241997,32.851231,1012,-1.1250,5.0,95.0
2025-09-02T00:00:15,83.245781,32.837326,1012,-0.9375,4.0,88.0
2025-09-02T02:00:14,83.245964,32.824162,1012,-0.9375,1.0,73.0
2025-09-02T04:00:15,83.247101,32.782871,1013,-0.6875,5.0,84.0
2025-09-02T06:00:15,83.247971,32.727795,1013,-0.4375,6.0,87.0
2025-09-02T08:00:15,83.251732,32.656132,1013,-0.2500,6.0,76.0
2025-09-02T10:00:14,83.260162,32.605640,1013,-0.0625,4.0,82.0
2025-09-02T12:00:15,83.268242,32.603619,1013,-0.1250,5.0,62.0
2025-09-02T14:00:15,83.268913,32.612686,1013,0.0000,2.0,83.0
2025-09-02T16:00:14,83.266510,32.566860,1012,-0.3125,1.0,71.0
2025-09-02T18:00:15,83.265007,32.476067,1012,-0.4375,5.0,86.0
2025-09-02T20:00:15,83.271278,32.360767,1011,-0.5625,4.0,74.0
2025-09-02T22:00:14,83.284317,32.294380,1011,-0.5000,6.0,81.0
2025-09-03T00:00:15,83.293358,32.301456,1011,-0.5625,2.0,79.0
2025-09-03T02:00:15,83.296707,32.343208,1011,-0.5000,7.0,75.0
2025-09-03T04:00:15,83.295097,32.379677,1011,-0.4375,4.0,95.0
2025-09-03T06:00:14,83.291206,32.369816,1010,-0.5000,6.0,106.0
2025-09-03T08:00:15,83.288826,32.355175,1012,-0.1875,2.0,117.0
2025-09-03T10:00:15,83.285591,32.350410,1011,-0.2500,5.0,124.0
2025-09-03T12:00:14,83.280891,32.338821,1012,-0.1875,4.0,110.0
2025-09-03T14:00:15,83.278755,32.327232,1011,-0.1875,6.0,109.0
2025-09-03T21:00:12,83.271889,32.186932,1011,-0.5625,3.0,103.0
2025-09-03T23:00:15,83.273376,32.171463,1011,-0.7500,3.0,112.0
2025-09-04T01:00:14,83.275009,32.164967,1011,-0.6875,3.0,103.0
2025-09-04T03:00:15,83.274803,32.142277,1012,-0.5625,3.0,74.0
2025-09-04T05:00:15,83.275848,32.097752,1012,-0.5625,3.0,80.0
2025-09-04T07:00:15,83.278198,32.014114,1012,-0.5000,7.0,86.0
2025-09-04T09:00:14,83.283806,31.921930,1013,-0.3125,3.0,78.0
2025-09-04T11:00:15,83.292419,31.856857,1013,-0.1250,8.0,76.0
2025-09-04T13:00:15,83.299400,31.824329,1013,-0.1250,8.0,81.0
2025-09-04T15:00:15,83.304184,31.775026,1012,-0.3125,7.0,82.0
2025-09-04T17:00:14,83.310783,31.691935,1012,-0.3125,8.0,89.0
2025-09-04T19:00:15,83.322670,31.596771,1012,-0.3750,7.0,89.0
2025-09-04T21:00:15,83.336517,31.542007,1012,-0.4375,6.0,94.0
2025-09-04T23:00:15,83.348076,31.518663,1012,-0.4375,4.0,94.0
2025-09-05T01:00:14,83.354362,31.520254,1012,-0.5625,9.0,109.0
2025-09-05T03:00:15,83.356606,31.472931,1012,-0.6250,1.0,95.0
2025-09-05T05:00:15,83.360596,31.379305,1012,-0.6250,4.0,71.0
2025-09-05T07:00:15,83.369293,31.255810,1012,-0.5625,2.0,91.0
2025-09-05T09:00:14,83.381714,31.181767,1013,-0.3125,7.0,81.0
2025-09-05T11:00:15,83.389130,31.141602,1012,-0.4375,7.0,119.0
2025-09-05T13:00:15,83.384567,31.105625,1012,-0.5625,6.0,116.0
2025-09-05T15:00:14,83.373985,30.994478,1011,-0.8125,6.0,126.0
2025-09-05T17:00:15,83.367561,30.817497,1011,-0.9375,3.0,72.0
2025-09-05T19:00:15,83.366684,30.661245,1011,-1.1250,6.0,133.0
2025-09-05T21:00:15,83.365204,30.571163,1011,-1.1875,6.0,125.0
2025-09-05T23:00:14,83.361526,30.511007,1010,-1.3750,7.0,107.0
2025-09-06T01:00:15,83.355934,30.456142,1010,-1.3750,3.0,109.0
2025-09-06T03:00:15,83.349373,30.363525,1011,-1.4375,3.0,96.0
2025-09-06T05:00:15,83.347420,30.248831,1011,-1.3125,3.0,105.0
2025-09-06T07:00:14,83.348534,30.148254,1012,-1.2500,2.0,91.0
2025-09-06T09:00:15,83.352531,30.048372,1012,-0.9375,3.0,68.0
2025-09-06T11:00:15,83.357391,29.932920,1012,-0.8750,6.0,77.0
2025-09-06T13:00:15,83.359764,29.811855,1012,-1.1250,3.0,103.0
2025-09-06T15:00:14,83.361008,29.663088,1012,-1.1875,3.0,114.0
2025-09-06T17:00:15,83.364326,29.479855,1011,-1.5000,2.0,109.0
2025-09-06T19:00:15,83.372398,29.296078,1011,-1.8750,5.0,106.0
2025-09-06T21:00:15,83.381577,29.149506,1008,-2.8750,5.0,99.0
2025-09-06T23:00:14,83.389023,29.063908,1008,-4.0000,5.0,102.0
2025-09-07T01:00:15,83.394302,29.013187,1007,-4.8750,4.0,92.0
2025-09-07T03:00:15,83.399521,28.961617,1009,-5.4375,3.0,98.0
2025-09-07T05:00:15,83.406891,28.891233,1021,-2.7500,4.0,96.0
2025-09-07T07:00:15,83.417374,28.823057,1021,-1.6875,11.0,101.0
2025-09-07T09:00:15,83.429985,28.772036,1021,-1.6250,3.0,116.0
2025-09-07T11:00:14,83.443527,28.735750,1022,-1.5000,1.0,104.0
2025-09-07T13:00:15,83.458839,28.716860,1021,-1.3125,7.0,107.0
2025-09-07T15:00:15,83.475700,28.708122,1017,-1.4375,6.0,103.0
2025-09-07T17:00:15,83.494774,28.680681,1016,-1.3750,1.0,74.0
2025-09-07T19:00:14,83.515770,28.662703,1016,-1.1875,2.0,78.0
2025-09-07T21:00:15,83.539642,28.652433,1014,-1.1250,3.0,77.0
2025-09-07T23:00:15,83.560417,28.684294,1013,-1.0625,3.0,94.0
2025-09-08T01:00:14,83.572250,28.745897,1012,-1.0625,3.0,76.0
2025-09-08T03:00:15,83.573792,28.813656,1012,-1.0625,5.0,110.0
2025-09-08T05:00:15,83.566063,28.882151,1011,-1.5000,3.0,101.0
2025-09-08T07:00:15,83.556694,28.908810,1012,-1.4375,3.0,92.0
2025-09-08T09:00:14,83.547096,28.970510,1012,-1.5625,3.0,100.0
2025-09-08T11:00:15,83.536911,29.050880,1012,-1.5000,12.0,111.0
2025-09-08T13:00:15,83.525131,29.176743,1012,-1.6875,0.0,105.0
2025-09-08T15:00:15,83.505676,29.311649,1012,-2.0625,0.0,100.0
2025-09-08T17:00:14,83.483665,29.375998,1012,-2.2500,0.0,105.0
2025-09-08T19:00:15,83.467155,29.407427,1013,-2.3750,0.0,80.0
2025-09-08T21:00:15,83.454163,29.416788,1013,-2.4375,0.0,106.0
2025-09-08T23:00:15,83.443642,29.445700,1014,-2.3750,1.0,107.0
2025-09-09T01:00:14,83.432518,29.500284,1015,-2.3125,1.0,105.0
2025-09-09T03:00:15,83.421745,29.569637,1015,-2.2500,1.0,107.0
2025-09-09T05:00:15,83.411362,29.605106,1016,-2.0625,0.0,109.0
2025-09-09T07:00:15,83.405792,29.633448,1017,-1.9375,1.0,83.0
2025-09-09T09:00:14,83.401497,29.693039,1018,-1.6875,0.0,109.0
2025-09-09T11:00:15,83.396111,29.762640,1018,-1.7500,0.0,111.0
2025-09-09T13:00:15,83.388939,29.829622,1017,-1.8750,3.0,99.0
2025-09-09T15:00:15,83.382629,29.879181,1017,-1.9375,0.0,112.0
2025-09-09T17:00:14,83.379181,29.898731,1016,-2.3750,0.0,89.0
2025-09-09T19:00:15,83.378883,29.932518,1016,-2.3125,0.0,110.0
2025-09-09T21:00:15,83.382256,29.925932,1017,-2.0625,0.0,100.0
2025-09-09T23:00:15,83.390739,29.863213,1017,-1.5625,0.0,99.0
2025-09-10T01:00:14,83.400841,29.904575,1016,-1.3750,0.0,102.0
2025-09-10T03:00:15,83.408195,30.031717,1015,-1.2500,0.0,100.0
2025-09-10T05:00:15,83.413620,30.160530,1014,-1.1875,0.0,113.0
2025-09-10T07:00:15,83.415367,30.321470,1013,-1.1250,0.0,64.0
