time,latitude (deg),longitude (deg),filter_flag_gps (),H1 (degC),H2 (degC),H3 (degC),H4 (degC),H5 (degC),H6 (degC),H7 (degC),H8 (degC),H9 (degC),H10 (degC),H11 (degC),H12 (degC),H13 (degC),H14 (degC),H15 (degC),H16 (degC),H17 (degC),H18 (degC),H19 (degC),H20 (degC),H21 (degC),H22 (degC),H23 (degC),H24 (degC),H25 (degC),H26 (degC),H27 (degC),H28 (degC),H29 (degC),H30 (degC),H31 (degC),H32 (degC),H33 (degC),H34 (degC),H35 (degC),H36 (degC),H37 (degC),H38 (degC),H39 (degC),H40 (degC),H41 (degC),H42 (degC),H43 (degC),H44 (degC),H45 (degC),H46 (degC),H47 (degC),H48 (degC),H49 (degC),H50 (degC),H51 (degC),H52 (degC),H53 (degC),H54 (degC),H55 (degC),H56 (degC),H57 (degC),H58 (degC),H59 (degC),H60 (degC),H61 (degC),H62 (degC),H63 (degC),H64 (degC),H65 (degC),H66 (degC),H67 (degC),H68 (degC),H69 (degC),H70 (degC),H71 (degC),H72 (degC),H73 (degC),H74 (degC),H75 (degC),H76 (degC),H77 (degC),H78 (degC),H79 (degC),H80 (degC),H81 (degC),H82 (degC),H83 (degC),H84 (degC),H85 (degC),H86 (degC),H87 (degC),H88 (degC),H89 (degC),H90 (degC),H91 (degC),H92 (degC),H93 (degC),H94 (degC),H95 (degC),H96 (degC),H97 (degC),H98 (degC),H99 (degC),H100 (degC),H101 (degC),H102 (degC),H103 (degC),H104 (degC),H105 (degC),H106 (degC),H107 (degC),H108 (degC),H109 (degC),H110 (degC),H111 (degC),H112 (degC),H113 (degC),H114 (degC),H115 (degC),H116 (degC),H117 (degC),H118 (degC),H119 (degC),H120 (degC),H121 (degC),H122 (degC),H123 (degC),H124 (degC),H125 (degC),H126 (degC),H127 (degC),H128 (degC),H129 (degC),H130 (degC),H131 (degC),H132 (degC),H133 (degC),H134 (degC),H135 (degC),H136 (degC),H137 (degC),H138 (degC),H139 (degC),H140 (degC),H141 (degC),H142 (degC),H143 (degC),H144 (degC),H145 (degC),H146 (degC),H147 (degC),H148 (degC),H149 (degC),H150 (degC),H151 (degC),H152 (degC),H153 (degC),H154 (degC),H155 (degC),H156 (degC),H157 (degC),H158 (degC),H159 (degC),H160 (degC),H161 (degC),H162 (degC),H163 (degC),H164 (degC),H165 (degC),H166 (degC),H167 (degC),H168 (degC),H169 (degC),H170 (degC),H171 (degC),H172 (degC),H173 (degC),H174 (degC),H175 (degC),H176 (degC),H177 (degC),H178 (degC),H179 (degC),H180 (degC),H181 (degC),H182 (degC),H183 (degC),H184 (degC),H185 (degC),H186 (degC),H187 (degC),H188 (degC),H189 (degC),H190 (degC),H191 (degC),H192 (degC),H193 (degC),H194 (degC),H195 (degC),H196 (degC),H197 (degC),H198 (degC),H199 (degC),H200 (degC),H201 (degC),H202 (degC),H203 (degC),H204 (degC),H205 (degC),H206 (degC),H207 (degC),H208 (degC),H209 (degC),H210 (degC),H211 (degC),H212 (degC),H213 (degC),H214 (degC),H215 (degC),H216 (degC),H217 (degC),H218 (degC),H219 (degC),H220 (degC),H221 (degC),H222 (degC),H223 (degC),H224 (degC),H225 (degC),H226 (degC),H227 (degC),H228 (degC),H229 (degC),H230 (degC),H231 (degC),H232 (degC),H233 (degC),H234 (degC),H235 (degC),H236 (degC),H237 (degC),H238 (degC),H239 (degC),H240 (degC)
2025-07-16T19:01:38,84.788040,13.940590,0,1.1875,1.3125,1.3125,1.3125,1.3125,1.2500,1.3125,1.3125,1.3125,1.3125,1.2500,1.1250,1.0625,1.2500,1.3750,1.4375,1.5000,1.4375,1.5000,1.3750,1.4375,1.4375,1.3125,1.3125,1.2500,1.1875,1.2500,1.2500,1.3750,1.2500,1.2500,1.1875,1.2500,1.2500,1.1875,1.2500,1.2500,1.1875,1.1875,1.2500,1.3125,1.3125,1.3125,1.2500,1.3125,1.2500,1.2500,1.3125,1.3125,1.1875,1.1875,1.2500,1.2500,0.8750,0.6875,0.6875,0.6875,0.7500,0.7500,0.7500,0.6875,0.6250,0.6875,0.6875,0.6875,0.7500,0.6875,0.7500,0.7500,0.7500,0.7500,0.7500,0.6875,0.7500,0.6875,0.7500,0.7500,0.7500,0.6875,0.7500,0.7500,0.6875,0.7500,0.7500,0.6875,0.6875,0.7500,0.7500,0.8125,0.7500,0.7500,0.7500,0.7500,0.7500,0.7500,0.8125,0.6875,0.7500,0.6875,0.7500,0.7500,0.6875,0.6875,0.7500,0.6875,0.7500,0.7500,0.7500,0.7500,0.7500,0.6875,0.7500,0.7500,0.6875,0.7500,0.7500,0.7500,0.7500,0.6875,0.7500,0.6875,0.6875,0.6250,0.7500,0.6875,0.6875,0.6875,0.6875,0.6875,0.6875,0.6875,0.6875,0.7500,0.6875,0.6875,0.6875,0.6875,0.7500,0.6875,0.6875,0.6875,0.6875,0.6875,0.7500,0.6875,0.6875,0.6875,0.6875,0.7500,0.6875,0.6875,0.6875,0.6875,0.6875,0.7500,0.6875,0.6875,0.6875,0.6875,0.6875,0.6875,0.6875,0.6250,0.6875,0.6250,0.6250,0.6250,0.6250,0.6875,0.6875,0.6875,0.6875,0.6875,0.6875,0.6875,0.6250,0.6875,0.6875,0.6875,0.6875,0.6875,0.6875,0.6250,0.6250,0.6250,0.6875,0.6250,0.5625,0.5625,0.5625,0.6250,0.5625,0.5625,0.5000,0.5625,0.5625,0.6250,0.5625,0.5625,0.5625,0.5625,0.5000,0.6250,0.5625,0.5625,0.5625,0.5625,0.5625,0.5625,0.5625,0.5625,0.5625,0.5625,0.5625,0.5000,0.6250,0.6250,0.5625,0.5625,0.5625,0.5625,0.5625,0.5625,0.5000,0.5625,0.5625,0.6250,0.5000,0.5000,0.5000,0.5000,0.5625,0.5625,0.5000,0.5625,0.5625,0.5000,0.5000,0.5000,0.6250
2025-07-17T19:01:32,84.675568,14.036240,0,1.1875,1.3750,1.3125,1.3125,1.2500,1.3125,1.3125,1.3125,1.3125,1.3125,1.2500,1.2500,1.5000,1.5625,1.5625,1.5625,1.5000,1.4375,1.3750,1.3125,1.3125,1.3750,1.4375,1.5000,1.5000,1.5000,1.5000,1.5000,1.5000,1.3750,1.4375,1.5000,1.5000,1.4375,1.4375,1.2500,1.2500,1.2500,1.3125,1.3750,1.3750,1.4375,1.3750,1.3125,1.4375,1.3125,1.3750,1.3125,1.3750,1.2500,1.3125,1.3125,1.3125,0.8125,0.6875,0.6875,0.7500,0.8125,0.8125,0.6875,0.6875,0.6875,0.7500,0.7500,0.7500,0.7500,0.7500,0.7500,0.7500,0.7500,0.7500,0.7500,0.7500,0.7500,0.7500,0.7500,0.6875,0.7500,0.7500,0.6875,0.6875,0.5625,0.5625,0.5000,0.5625,0.5625,0.5000,0.5000,0.5000,0.5625,0.5000,0.5000,0.5000,0.5625,0.5625,0.5625,0.5625,0.5625,0.5625,0.5625,0.5625,0.5625,0.5625,0.5625,0.5625,0.5625,0.5000,0.5625,0.5625,0.5625,0.5625,0.5625,0.5625,0.5625,0.5000,0.5625,0.5625,0.6250,0.7500,0.7500,0.6875,0.6250,0.5625,0.5000,0.5000,0.5625,0.5625,0.5625,0.6875,0.6875,0.6250,0.7500,0.6875,0.6875,0.6875,0.6875,0.6875,0.7500,0.6875,0.6875,0.6875,0.7500,0.6875,0.6875,0.6250,0.6250,0.6250,0.6875,0.6250,0.6250,0.5625,0.6250,0.6250,0.6250,0.6250,0.6875,0.6250,0.5625,0.6250,0.6250,0.6875,0.6250,0.6250,0.6250,0.6250,0.6250,0.6250,0.6875,0.6250,0.6250,0.6875,0.6875,0.6875,0.6875,0.6875,0.6875,0.6875,0.6875,0.6875,0.6875,0.7500,0.6875,0.6250,0.6250,0.6250,0.6250,0.6250,0.5625,0.5625,0.5625,0.5625,0.5625,0.5625,0.5000,0.5625,0.5625,0.5625,0.5625,0.5625,0.6250,0.6250,0.5625,0.5625,0.6250,0.5625,0.5625,0.5625,0.5625,0.5000,0.5625,0.5625,0.5625,0.5625,0.5625,0.5625,0.5625,0.5625,0.5625,0.5625,0.5625,0.5000,0.5625,0.5625,0.5625,0.5000,0.6250,0.5625,0.5625,0.5625,0.6250,0.5625,0.5625,0.5625,0.5625,0.5625,0.5625,0.5625,0.6250,0.6250,0.6250
2025-07-18T19:02:38,84.614769,13.480890,0,1.3125,1.3750,1.4375,1.3750,1.3750,1.3750,1.3750,1.4375,1.3750,1.3750,1.3750,1.3750,1.5625,1.5625,1.6250,1.5625,1.5625,1.5625,1.5625,1.5625,1.5000,1.5000,1.5625,1.5625,1.5000,1.5000,1.4375,1.5000,1.5000,1.4375,1.3750,1.3750,1.4375,1.5000,1.5000,1.3750,1.3125,1.2500,1.3125,1.3750,1.4375,1.4375,1.3750,1.4375,1.4375,1.3750,1.3750,1.3750,1.3750,1.2500,1.3125,1.3750,1.3750,0.8750,0.6875,0.6250,0.7500,0.7500,0.7500,0.7500,0.7500,0.7500,0.7500,0.7500,0.7500,0.7500,0.7500,0.7500,0.7500,0.6875,0.7500,0.6875,0.6875,0.6875,0.6250,0.5625,0.5625,0.5625,0.5000,0.5000,0.5625,0.5000,0.5000,0.5625,0.5625,0.5625,0.5625,0.5625,0.6250,0.5625,0.5000,0.5625,0.5625,0.5625,0.5625,0.6250,0.5625,0.5625,0.5625,0.5625,0.5625,0.5625,0.5625,0.5625,0.6250,0.5625,0.5625,0.6250,0.6250,0.6250,0.5625,0.5625,0.5625,0.5000,0.5625,0.5625,0.5625,0.5625,0.8125,0.7500,0.6875,0.6875,0.5625,0.5625,0.5000,0.5625,0.6250,0.6250,0.6875,0.6875,0.6250,0.7500,0.6875,0.6250,0.7500,0.6875,0.6875,0.6875,0.7500,0.7500,0.6250,0.6250,0.6250,0.6875,0.6250,0.6250,0.6250,0.5625,0.6250,0.5625,0.5625,0.5625,0.5625,0.5625,0.6875,0.6250,0.6250,0.5625,0.6250,0.6250,0.6250,0.5625,0.6250,0.5625,0.6250,0.6250,0.6250,0.6875,0.6250,0.6250,0.6875,0.6250,0.6250,0.6250,0.6250,0.6250,0.6875,0.6250,0.6875,0.6875,0.6250,0.6250,0.6250,0.5625,0.5625,0.6250,0.6250,0.6250,0.6250,0.6875,0.6875,0.6250,0.6250,0.5625,0.6250,0.5625,0.6250,0.5625,0.6250,0.6250,0.5625,0.5625,0.5625,0.6250,0.5000,0.5625,0.5625,0.5625,0.5625,0.5625,0.6250,0.5625,0.5625,0.5625,0.5625,0.5625,0.5625,0.5625,0.5625,0.5625,0.5625,0.5625,0.5625,0.6250,0.5625,0.6250,0.5625,0.6250,0.6250,0.6250,0.5625,0.5625,0.6250,0.5625,0.6250,0.5625,0.6250,0.6250,0.6250,0.6875
2025-07-19T19:01:38,84.568329,13.760790,0,1.3125,1.3750,1.4375,1.4375,1.4375,1.3750,1.4375,1.3750,1.3750,1.4375,1.4375,1.4375,1.5000,1.5625,1.5625,1.5625,1.4375,1.3750,1.0625,1.1875,1.3125,1.4375,1.5000,1.5000,1.5000,1.5000,1.5000,1.5000,1.4375,1.4375,1.2500,1.3750,1.5000,1.4375,1.4375,1.3750,1.1875,1.1250,1.1250,1.2500,1.4375,1.4375,1.4375,1.4375,1.4375,1.4375,1.3750,1.4375,1.4375,1.3750,1.3750,1.4375,1.3125,0.9375,0.6250,0.6875,0.7500,0.8125,0.7500,0.7500,0.7500,0.6875,0.7500,0.6875,0.7500,0.7500,0.7500,0.6875,0.6250,0.5625,0.6250,0.5625,0.5000,0.5000,0.5625,0.5625,0.5000,0.5625,0.5625,0.5625,0.5625,0.5625,0.5625,0.5000,0.5625,0.5625,0.5625,0.6250,0.5625,0.5625,0.5625,0.5625,0.5625,0.5625,0.5625,0.6250,0.5625,0.5625,0.5000,0.5625,0.6250,0.5625,0.5625,0.5625,0.6250,0.5625,0.5625,0.5625,0.6250,0.5625,0.5625,0.5625,0.5625,0.5625,0.6250,0.5625,0.5625,0.6250,0.7500,0.7500,0.6875,0.6875,0.5625,0.5625,0.5000,0.5625,0.6250,0.6250,0.6250,0.6250,0.6875,0.6875,0.6875,0.6875,0.6250,0.6250,0.6250,0.6875,0.6875,0.6250,0.6250,0.5625,0.5625,0.6250,0.5625,0.6250,0.6250,0.5625,0.5625,0.5000,0.5625,0.5625,0.5625,0.5625,0.6250,0.6250,0.6250,0.6250,0.6250,0.6250,0.6250,0.6250,0.6250,0.5625,0.6250,0.6875,0.6875,0.6250,0.6250,0.5625,0.6875,0.6875,0.6875,0.6875,0.6875,0.6875,0.6875,0.6875,0.6875,0.6875,0.6875,0.6875,0.6250,0.6250,0.6250,0.6250,0.6875,0.6250,0.6875,0.6875,0.6250,0.6875,0.5625,0.6250,0.6875,0.6250,0.6250,0.6250,0.6875,0.6875,0.6875,0.6875,0.6250,0.6875,0.6875,0.6250,0.6875,0.6875,0.6250,0.6250,0.6250,0.6875,0.6250,0.6250,0.5625,0.5625,0.6250,0.6250,0.6250,0.6250,0.6250,0.5625,0.5625,0.6250,0.6250,0.5625,0.6250,0.5625,0.6250,0.6250,0.6250,0.6875,0.6250,0.6250,0.6875,0.6250,0.6875,0.6875,0.6250,0.6875
2025-07-20T19:01:38,84.542000,13.305240,0,1.1875,1.3125,1.3125,1.2500,1.2500,1.2500,1.1875,1.3125,1.2500,1.3125,1.3125,1.5000,1.5000,1.5000,1.5625,1.5000,1.3750,1.1875,1.4375,1.1250,1.0625,1.2500,1.3750,1.3750,1.5000,1.5000,1.5625,1.5625,1.5625,1.5625,1.4375,1.3750,1.2500,1.3750,1.4375,1.5625,1.5000,1.5000,1.4375,1.3750,1.4375,1.3750,1.3125,1.3750,1.4375,1.4375,1.5000,1.5000,1.5000,1.3750,1.4375,1.3750,1.3750,0.8750,0.6875,0.6875,0.6875,0.8125,0.7500,0.8125,0.8125,0.7500,0.7500,0.7500,0.7500,0.7500,0.6875,0.6250,0.5625,0.5625,0.5625,0.5000,0.5625,0.5000,0.5625,0.5625,0.5625,0.5625,0.5625,0.5625,0.5625,0.5625,0.5000,0.5625,0.5625,0.5625,0.5625,0.5000,0.5625,0.5625,0.5000,0.5625,0.5625,0.5625,0.5625,0.6250,0.5625,0.5625,0.5625,0.5625,0.5625,0.5625,0.5625,0.6250,0.6250,0.5625,0.6250,0.5625,0.6250,0.5625,0.5625,0.5625,0.5625,0.5625,0.5625,0.5625,0.5625,0.6250,0.8125,0.8125,0.6875,0.6875,0.5625,0.5625,0.5625,0.5000,0.6250,0.6250,0.6875,0.6250,0.7500,0.6875,0.7500,0.6875,0.6875,0.6250,0.6875,0.6875,0.6250,0.5625,0.6250,0.5625,0.6250,0.5625,0.5625,0.5625,0.5625,0.5625,0.5000,0.5000,0.5625,0.5000,0.5625,0.5625,0.6250,0.6250,0.5000,0.5000,0.5625,0.5625,0.5625,0.5625,0.5625,0.5625,0.5625,0.6250,0.5625,0.6250,0.6250,0.6250,0.6250,0.6250,0.6250,0.6875,0.6875,0.6250,0.6875,0.6250,0.6875,0.6875,0.6250,0.6875,0.5625,0.6250,0.6250,0.6250,0.5625,0.5625,0.5625,0.5625,0.5625,0.5625,0.5000,0.5625,0.5625,0.6250,0.5625,0.6250,0.6250,0.5625,0.6250,0.6250,0.5625,0.6250,0.6250,0.5625,0.5625,0.5625,0.5625,0.5625,0.6250,0.6250,0.5625,0.5625,0.5000,0.5000,0.5625,0.5000,0.5625,0.5625,0.5625,0.5625,0.5000,0.5625,0.5625,0.5625,0.5000,0.6250,0.5625,0.5625,0.5625,0.5625,0.5000,0.5625,0.5625,0.5625,0.6250,0.5000,0.6250,0.5625
2025-07-21T19:02:22,84.507271,13.219080,0,1.1875,1.3125,1.3125,1.2500,1.2500,1.2500,1.1875,1.3125,1.3125,1.3125,1.3750,1.4375,1.5000,1.5625,1.5625,1.5625,1.4375,1.3125,1.0000,1.1250,1.2500,1.5000,1.5000,1.5000,1.4375,1.5000,1.5000,1.5000,1.5000,1.5000,1.5000,1.4375,1.3750,1.3750,1.3750,1.4375,1.5000,1.5000,1.4375,1.3750,1.3125,1.3750,1.4375,1.4375,1.5000,1.5000,1.5000,1.5625,1.5000,1.4375,1.4375,1.5000,1.4375,0.9375,0.7500,0.5625,0.6250,0.7500,0.8125,0.8125,0.8125,0.7500,0.6250,0.5625,0.5000,0.5000,0.5000,0.5625,0.5625,0.5000,0.5625,0.5625,0.5625,0.5000,0.5625,0.5625,0.5625,0.5625,0.5625,0.5625,0.5000,0.5000,0.5625,0.5625,0.5625,0.5625,0.5625,0.5000,0.5625,0.5625,0.5625,0.6250,0.6250,0.5625,0.5625,0.6250,0.5625,0.5625,0.5625,0.5625,0.6250,0.5625,0.5625,0.6250,0.6250,0.5625,0.5625,0.6250,0.6250,0.6250,0.6250,0.5625,0.5625,0.5625,0.5625,0.5625,0.6250,0.6250,0.7500,0.7500,0.6875,0.6875,0.6250,0.5625,0.5625,0.5625,0.6250,0.6250,0.6875,0.6250,0.7500,0.6875,0.7500,0.6875,0.6875,0.6250,0.6875,0.6250,0.6250,0.5625,0.6250,0.6250,0.5625,0.6250,0.5000,0.5625,0.5625,0.5625,0.5625,0.5000,0.5625,0.5000,0.5625,0.5000,0.5625,0.5625,0.5625,0.5625,0.5625,0.5000,0.5625,0.5625,0.5625,0.5625,0.5625,0.6250,0.5625,0.6250,0.6250,0.6250,0.6875,0.7500,0.6875,0.5625,0.5625,0.5625,0.5625,0.5625,0.5625,0.5000,0.5625,0.5000,0.5000,0.5625,0.5625,0.5625,0.5000,0.5000,0.5625,0.5000,0.5625,0.5625,0.5000,0.5625,0.5625,0.5625,0.6250,0.6250,0.6250,0.5625,0.5625,0.5625,0.5625,0.5625,0.5000,0.5625,0.5000,0.5625,0.5000,0.5625,0.6250,0.5625,0.5000,0.5625,0.5625,0.5625,0.5625,0.5000,0.5625,0.5000,0.5000,0.5000,0.5625,0.5625,0.5625,0.5625,0.5625,0.5625,0.6250,0.5625,0.5625,0.5625,0.5625,0.6250,0.5625,0.6250,0.5625,0.5625,0.6250,0.6250
2025-07-22T19:01:36,84.378090,14.036240,0,1.2500,1.2500,1.2500,1.3125,1.3125,1.1875,1.2500,1.2500,1.1875,1.2500,1.3125,1.3750,1.3750,1.2500,1.3125,1.1250,1.1250,1.0000,1.0625,1.1250,1.4375,1.5000,1.4375,1.5000,1.4375,1.4375,1.4375,1.4375,1.4375,1.3125,1.3750,1.5000,1.4375,1.4375,1.1875,1.1875,1.2500,1.3750,1.3125,1.2500,1.1875,1.1875,1.2500,1.3750,1.4375,1.5000,1.5000,1.5000,1.5000,1.5000,1.5000,1.5000,1.4375,0.8750,0.7500,0.5625,0.6250,0.6875,0.7500,0.7500,0.6875,0.6875,0.5625,0.5625,0.5000,0.5625,0.5000,0.5625,0.5000,0.5625,0.5000,0.5625,0.5625,0.5625,0.5625,0.5625,0.5625,0.5625,0.5625,0.5625,0.5625,0.5625,0.5625,0.5625,0.5625,0.5625,0.5625,0.5000,0.5625,0.5000,0.5625,0.5625,0.5625,0.5625,0.5625,0.6250,0.5625,0.5625,0.5625,0.5625,0.6250,0.5625,0.5625,0.6250,0.6250,0.5625,0.5625,0.6250,0.6250,0.6250,0.6250,0.5625,0.6250,0.5625,0.5625,0.5625,0.6250,0.6250,0.7500,0.7500,0.7500,0.6875,0.5625,0.5625,0.5625,0.5000,0.5625,0.5625,0.6250,0.6875,0.6875,0.6875,0.7500,0.6875,0.6875,0.6250,0.6875,0.7500,0.6250,0.6250,0.6250,0.6250,0.5625,0.6250,0.5625,0.5625,0.5625,0.5625,0.5625,0.5625,0.5625,0.5000,0.5625,0.5625,0.6250,0.5625,0.5625,0.5625,0.5000,0.5625,0.5000,0.6250,0.5625,0.5000,0.6250,0.6250,0.6250,0.5625,0.6250,0.5625,0.6875,0.6875,0.6875,0.6875,0.6250,0.6250,0.6875,0.6250,0.6250,0.5625,0.5625,0.5625,0.5625,0.6250,0.5625,0.5625,0.5625,0.5625,0.5625,0.5625,0.6250,0.6250,0.5625,0.5625,0.6250,0.6250,0.5625,0.6250,0.6250,0.5625,0.6250,0.5625,0.5625,0.5625,0.5625,0.6250,0.5625,0.5625,0.5625,0.5625,0.6250,0.5625,0.6250,0.6250,0.6250,0.5625,0.6250,0.5625,0.5625,0.6250,0.6250,0.6250,0.5625,0.5625,0.6250,0.6250,0.6250,0.6250,0.6250,0.5625,0.6250,0.6250,0.6250,0.6250,0.6875,0.6250,0.6250,0.6875,0.6875,0.6875
2025-07-23T19:01:38,83.430733,30.211321,1,1.0000,1.0625,1.0625,1.0625,1.0625,1.0000,1.0625,1.0625,1.1250,1.1875,1.1875,1.1875,1.3750,1.4375,1.3750,1.3125,1.0625,1.1250,0.9375,1.1875,1.3750,1.5000,1.5000,1.5000,1.4375,1.5000,1.5000,1.4375,1.3750,1.1875,1.2500,1.2500,1.3125,1.3750,1.3750,1.3125,1.1250,1.2500,1.3125,1.3750,1.3750,1.3125,1.2500,1.1875,1.3750,1.5000,1.5000,1.5000,1.5000,1.5000,1.5000,1.5000,1.4375,0.9375,0.6875,0.5625,0.6250,0.7500,0.7500,0.6250,0.5625,0.6875,0.5625,0.5625,0.5000,0.5000,0.5000,0.5000,0.5000,0.5625,0.5625,0.5625,0.5625,0.5625,0.5625,0.5625,0.5625,0.5625,0.5625,0.5625,0.6250,0.5000,0.5000,0.5625,0.5625,0.5625,0.5625,0.5625,0.5625,0.5000,0.5625,0.5625,0.5625,0.5000,0.5625,0.6250,0.5625,0.5625,0.5625,0.5625,0.6250,0.5625,0.5625,0.5625,0.6250,0.5000,0.5625,0.5625,0.6250,0.6250,0.6250,0.5625,0.5625,0.5625,0.5625,0.5625,0.6250,0.5625,0.7500,0.7500,0.7500,0.6875,0.5625,0.5625,0.5625,0.5625,0.6250,0.6250,0.6875,0.6250,0.7500,0.6875,0.6875,0.6875,0.6250,0.5625,0.6875,0.6875,0.6875,0.5625,0.6250,0.6250,0.5625,0.6250,0.6250,0.6250,0.5625,0.5625,0.5625,0.5000,0.5625,0.5625,0.5625,0.5000,0.6250,0.5625,0.5625,0.5625,0.5625,0.5000,0.5000,0.5625,0.5000,0.5625,0.5625,0.5625,0.6250,0.5625,0.6875,0.6250,0.6250,0.6875,0.6250,0.6250,0.6250,0.6250,0.6250,0.5625,0.5625,0.5000,0.5625,0.5000,0.5000,0.5625,0.5625,0.6250,0.6250,0.6875,0.6875,0.6875,0.6250,0.6875,0.5625,0.5625,0.6250,0.5625,0.6250,0.6250,0.5625,0.5625,0.5625,0.6250,0.5625,0.5625,0.5625,0.5625,0.6250,0.5625,0.5625,0.6250,0.6250,0.6250,0.6250,0.5625,0.5625,0.6250,0.5625,0.5625,0.5625,0.5625,0.5625,0.5625,0.5625,0.6250,0.5625,0.5625,0.5625,0.6250,0.6250,0.6250,0.6250,0.5625,0.6250,0.6250,0.6250,0.6250,0.6250,0.6250,0.6250,0.6250
2025-07-24T19:02:17,84.123703,13.781600,0,0.6875,0.8125,0.9375,1.1875,1.2500,1.1875,1.1875,1.2500,1.2500,1.3125,1.3125,1.5000,1.5000,1.5000,1.5000,1.5000,1.3125,1.3125,1.3750,1.3750,1.5000,1.5000,1.5000,1.5000,1.4375,1.3125,1.3125,1.3125,1.2500,1.2500,1.2500,1.3125,1.3125,1.3750,1.4375,1.3125,1.3125,1.0000,1.0000,1.0625,1.1250,1.1250,1.0625,1.1875,1.3125,1.4375,1.5000,1.5000,1.5000,1.5000,1.5000,1.4375,1.4375,1.1875,0.7500,0.6875,0.6875,0.7500,0.6875,0.5625,0.5625,0.5625,0.5625,0.5000,0.5000,0.5000,0.5000,0.5625,0.5000,0.5625,0.5625,0.5625,0.5625,0.5000,0.5000,0.6250,0.5625,0.5625,0.5625,0.5625,0.5625,0.5625,0.5625,0.5625,0.6250,0.5000,0.5625,0.5625,0.5625,0.5625,0.5625,0.5625,0.5625,0.5625,0.5625,0.5625,0.5625,0.5625,0.5625,0.5625,0.5625,0.5625,0.5625,0.5625,0.5625,0.5625,0.5625,0.5625,0.5625,0.6250,0.5625,0.5625,0.5625,0.5000,0.5625,0.6250,0.6250,0.6250,0.7500,0.7500,0.7500,0.6875,0.6250,0.5625,0.5625,0.5000,0.6250,0.5625,0.6875,0.6875,0.6875,0.6875,0.6875,0.6875,0.6250,0.6250,0.6875,0.6875,0.6250,0.6250,0.6250,0.6250,0.6250,0.5625,0.5625,0.6250,0.6250,0.5625,0.5625,0.5000,0.5625,0.5625,0.5625,0.5000,0.6250,0.5625,0.5625,0.5625,0.5625,0.5625,0.5000,0.5625,0.5000,0.5625,0.5625,0.5000,0.6250,0.6250,0.7500,0.6875,0.6250,0.5625,0.5625,0.5625,0.5625,0.5625,0.5625,0.5000,0.5625,0.5625,0.5625,0.5625,0.5625,0.5625,0.5625,0.6250,0.5625,0.6250,0.6250,0.6250,0.6250,0.6250,0.5000,0.5625,0.5625,0.5000,0.5625,0.5000,0.5000,0.5625,0.5000,0.5000,0.5625,0.5625,0.5625,0.5000,0.5625,0.5625,0.5625,0.5625,0.5625,0.5625,0.5625,0.5625,0.5000,0.5625,0.5000,0.5625,0.5000,0.5625,0.5625,0.5625,0.5625,0.5625,0.5625,0.5625,0.5625,0.5625,0.5625,0.5625,0.5625,0.6250,0.6250,0.5625,0.6250,0.6250,0.6250,0.6250,0.6250,0.6250
2025-07-25T19:01:32,84.011360,13.869690,0,0.8750,0.9375,0.9375,1.0000,1.0000,1.0625,1.0625,1.0000,1.0000,1.0625,1.0000,1.0625,1.2500,1.3750,1.5000,1.3750,1.3125,1.2500,1.3750,1.4375,1.4375,1.4375,1.5000,1.4375,1.1875,1.3125,1.2500,1.1875,1.3125,1.3125,1.3750,1.3750,1.3750,1.4375,1.3750,1.3750,1.3125,1.1875,1.1250,1.3125,1.5000,1.5000,1.5000,1.5625,1.4375,1.5000,1.5000,1.4375,1.3750,0.9375,1.1250,1.1250,1.3750,0.9375,0.9375,0.7500,0.7500,0.7500,0.6250,0.5625,0.5625,0.5625,0.5625,0.5000,0.5000,0.5625,0.5000,0.5000,0.5625,0.5000,0.5625,0.6250,0.5625,0.5000,0.5625,0.5625,0.5000,0.5625,0.5625,0.5000,0.5625,0.5625,0.5625,0.5625,0.5625,0.5625,0.5625,0.5625,0.5625,0.5625,0.5625,0.5625,0.5625,0.5625,0.5625,0.5625,0.5625,0.5625,0.5625,0.6250,0.5625,0.5625,0.6250,0.6250,0.6250,0.5625,0.5625,0.5625,0.6250,0.5625,0.5625,0.5000,0.5625,0.5625,0.5625,0.5625,0.6250,0.6250,0.8125,0.7500,0.7500,0.6875,0.6250,0.5625,0.5000,0.5625,0.6250,0.5625,0.6875,0.6250,0.6875,0.6250,0.6875,0.5625,0.5625,0.6250,0.6875,0.6875,0.6250,0.5625,0.6250,0.6250,0.6250,0.6250,0.5625,0.6250,0.6250,0.5625,0.5000,0.5625,0.5000,0.5625,0.5625,0.5625,0.5625,0.6250,0.5000,0.5625,0.5000,0.5625,0.5000,0.5625,0.5625,0.5625,0.6250,0.5000,0.6250,0.5625,0.7500,0.6875,0.6875,0.6250,0.6250,0.5625,0.5625,0.6250,0.5625,0.6250,0.5625,0.5625,0.6250,0.5625,0.6250,0.5625,0.6250,0.6250,0.6250,0.6250,0.6250,0.6250,0.6250,0.6875,0.6250,0.6250,0.6250,0.6250,0.6250,0.5625,0.5625,0.6250,0.5625,0.5625,0.5000,0.5625,0.5625,0.6250,0.5625,0.5625,0.6250,0.5625,0.5625,0.5625,0.5625,0.6250,0.6250,0.6250,0.5000,0.5625,0.5625,0.5625,0.5625,0.5625,0.5625,0.5625,0.6250,0.6250,0.6250,0.6250,0.6875,0.6250,0.5625,0.6250,0.6250,0.5625,0.6250,0.5625,0.6250,0.6250,0.6250,0.6875
2025-07-26T19:01:37,83.931831,12.639060,0,1.1875,1.3125,1.3750,1.3125,1.2500,1.2500,1.2500,1.3125,1.2500,1.2500,1.3750,1.3750,1.4375,1.5000,1.5000,1.4375,1.3750,1.3125,1.4375,1.4375,1.3125,1.3125,1.3750,1.1250,1.2500,1.3125,1.3125,1.3125,1.3125,1.3750,1.3125,1.3125,1.4375,1.5000,1.4375,1.2500,1.2500,1.2500,1.3125,1.1250,1.1250,1.4375,1.5000,1.5000,1.5000,1.5000,1.4375,1.4375,1.3750,0.9375,1.0000,1.1250,1.3125,0.8125,0.8750,0.7500,0.7500,0.7500,0.6250,0.5000,0.5625,0.5625,0.5000,0.5625,0.5000,0.5000,0.5000,0.5625,0.5000,0.5625,0.5625,0.6250,0.5625,0.5625,0.5000,0.5625,0.5625,0.5000,0.5625,0.5625,0.5625,0.5625,0.5625,0.5625,0.5625,0.5625,0.5625,0.5000,0.5625,0.5625,0.5000,0.5625,0.5625,0.5625,0.5625,0.6250,0.5625,0.5625,0.5625,0.5625,0.6250,0.5625,0.5625,0.6250,0.6250,0.5625,0.5625,0.6250,0.6250,0.6250,0.5625,0.5625,0.5625,0.5625,0.6250,0.6250,0.5625,0.6250,0.8125,0.7500,0.6875,0.6875,0.6250,0.5625,0.5000,0.5000,0.6250,0.6250,0.6250,0.6875,0.6250,0.6875,0.6875,0.5625,0.6250,0.6250,0.6875,0.6875,0.6250,0.6250,0.6250,0.6250,0.5625,0.5625,0.5625,0.5625,0.6250,0.5625,0.6250,0.5625,0.5625,0.5625,0.5625,0.5625,0.5625,0.5625,0.5625,0.5000,0.5625,0.5625,0.5625,0.5000,0.5000,0.5625,0.5625,0.5000,0.6250,0.5625,0.7500,0.6875,0.6875,0.6875,0.6250,0.6875,0.6875,0.6250,0.6250,0.6250,0.6875,0.6250,0.6250,0.6250,0.6250,0.6250,0.6250,0.6250,0.6875,0.6250,0.6250,0.6250,0.6875,0.6250,0.6250,0.6250,0.5625,0.5625,0.6250,0.6250,0.5625,0.6250,0.6250,0.6250,0.6250,0.6250,0.6250,0.6250,0.5625,0.6250,0.6250,0.6875,0.5625,0.6250,0.6250,0.6250,0.6250,0.6250,0.6250,0.5625,0.6250,0.5625,0.6250,0.6250,0.6250,0.5625,0.6250,0.6250,0.6250,0.6250,0.6875,0.6250,0.5625,0.6250,0.6250,0.6875,0.6250,0.6875,0.6250,0.6875,0.6875,0.6875
2025-07-27T19:02:15,83.872940,13.547940,0,1.0000,1.0625,1.0625,1.0625,1.0625,1.0625,1.0625,0.9375,0.8750,0.9375,1.0625,1.0625,1.3125,1.4375,1.3750,1.3125,1.3125,1.3750,1.4375,1.4375,1.4375,1.3750,1.3125,1.3750,1.3750,1.4375,1.3750,1.3750,1.3750,1.3125,1.3750,1.3750,1.3125,1.2500,1.4375,1.3750,1.4375,1.3750,1.3750,1.3750,1.1250,1.1250,1.2500,1.4375,1.4375,1.5000,1.5000,1.5000,1.4375,1.4375,1.5000,1.3750,1.3750,0.9375,0.8125,0.8125,0.7500,0.7500,0.5625,0.5000,0.5625,0.5625,0.5625,0.5625,0.5625,0.5000,0.5625,0.5625,0.5000,0.5625,0.5000,0.5625,0.5625,0.5625,0.5625,0.5625,0.5625,0.5000,0.5625,0.5625,0.5625,0.5625,0.5625,0.5625,0.5625,0.5625,0.5625,0.5625,0.5625,0.6250,0.5625,0.5625,0.5625,0.5625,0.5625,0.6250,0.5625,0.5625,0.5625,0.5625,0.5625,0.6250,0.5625,0.5625,0.6250,0.5625,0.5625,0.6250,0.6250,0.5625,0.6250,0.5625,0.6250,0.5625,0.5625,0.5625,0.5625,0.6250,0.8125,0.7500,0.6875,0.6875,0.6250,0.5625,0.5000,0.5000,0.6250,0.6250,0.6250,0.6250,0.6250,0.6875,0.6250,0.5625,0.6250,0.5625,0.6875,0.6875,0.6250,0.6250,0.6250,0.5625,0.5625,0.6250,0.6250,0.5625,0.5625,0.5625,0.5625,0.5625,0.5625,0.5625,0.5625,0.5625,0.5625,0.6250,0.5625,0.5625,0.5625,0.5625,0.5625,0.5625,0.5625,0.5625,0.6250,0.5000,0.6250,0.6875,0.6250,0.6250,0.6250,0.6875,0.6250,0.5625,0.6250,0.5625,0.5625,0.5000,0.5625,0.5625,0.5625,0.5625,0.6250,0.6250,0.6250,0.5625,0.6250,0.6250,0.6250,0.5625,0.6250,0.6875,0.5625,0.5625,0.5625,0.5625,0.5625,0.5625,0.6250,0.6250,0.6250,0.5625,0.6250,0.6250,0.5625,0.6250,0.5625,0.6250,0.6250,0.6250,0.5625,0.5625,0.6250,0.6250,0.5625,0.5625,0.5625,0.5625,0.5625,0.5625,0.6250,0.5625,0.6250,0.5625,0.6250,0.5625,0.6250,0.6875,0.6250,0.6250,0.6250,0.6250,0.6250,0.6250,0.6250,0.6875,0.6250,0.6875,0.6250,0.6875
2025-07-28T19:01:32,83.966591,12.713630,0,1.0000,1.1250,1.1250,1.0625,1.0625,1.0625,1.0000,1.0000,1.0625,1.0625,1.0625,1.2500,1.1875,1.5625,1.5000,1.4375,1.1875,1.3125,1.4375,1.4375,1.5000,1.5000,1.4375,1.3125,1.3125,1.2500,1.1875,1.3750,1.5000,1.5625,1.5625,1.5625,1.5625,1.5625,1.5000,1.5000,1.3750,1.1875,1.1875,1.3125,1.3750,1.2500,1.1875,1.4375,1.5000,1.5000,1.5625,1.5000,1.4375,1.4375,1.3750,1.3125,1.3125,1.0000,0.8750,0.7500,0.7500,0.7500,0.5625,0.5000,0.5000,0.5000,0.5625,0.5625,0.5625,0.5000,0.5625,0.5625,0.5625,0.5625,0.5625,0.5625,0.5625,0.5000,0.5625,0.5625,0.5625,0.5625,0.5625,0.5625,0.5625,0.5625,0.5000,0.5000,0.5000,0.5625,0.5625,0.5625,0.5000,0.5000,0.5625,0.5625,0.5625,0.5000,0.6250,0.5625,0.5000,0.5625,0.5625,0.5625,0.5625,0.5625,0.6250,0.5625,0.6250,0.5625,0.5625,0.5625,0.6250,0.6250,0.6250,0.5625,0.5625,0.5625,0.5625,0.5625,0.6250,0.6875,0.7500,0.7500,0.6875,0.6875,0.6250,0.5625,0.5000,0.5625,0.6250,0.6250,0.6250,0.6250,0.6250,0.7500,0.6875,0.5625,0.5625,0.5625,0.6250,0.6875,0.6250,0.6250,0.6250,0.5625,0.5625,0.6250,0.6250,0.5625,0.5625,0.5625,0.5625,0.5625,0.5625,0.5000,0.5625,0.5625,0.6250,0.6250,0.5625,0.5625,0.6250,0.6250,0.6250,0.6875,0.5625,0.6250,0.6875,0.5625,0.6250,0.6250,0.6875,0.6250,0.6875,0.6875,0.6875,0.6250,0.6250,0.5625,0.5625,0.5625,0.6875,0.6250,0.6250,0.6875,0.6250,0.6875,0.6875,0.6875,0.6250,0.6875,0.6875,0.6875,0.6875,0.6875,0.6250,0.6250,0.6250,0.6250,0.6250,0.6250,0.6875,0.6250,0.6875,0.6875,0.6875,0.6250,0.6250,0.6875,0.6250,0.6250,0.6875,0.6250,0.6250,0.6250,0.6875,0.6250,0.6250,0.6250,0.6250,0.6250,0.6875,0.6250,0.6875,0.6250,0.6250,0.6250,0.6875,0.6250,0.6875,0.6250,0.6875,0.6250,0.6875,0.6875,0.6250,0.6875,0.6250,0.6875,0.6875,0.6250,0.6875,0.6875
2025-07-29T19:01:39,83.392433,21.685780,1,1.3125,1.3750,1.3125,1.1875,1.1875,1.0625,1.2500,1.3750,1.5000,1.5000,1.5000,1.5000,1.5625,1.6250,1.5625,1.3750,1.1250,1.4375,1.5625,1.5000,1.5625,1.5625,1.4375,1.2500,1.3750,1.3750,1.3125,1.4375,1.5000,1.5000,1.3750,1.4375,1.5000,1.5625,1.5625,1.5625,1.5625,1.5000,1.4375,1.4375,1.4375,1.2500,1.2500,1.3750,1.4375,1.5625,1.5000,1.5625,1.5000,1.5000,1.3750,1.3125,1.2500,0.9375,0.9375,0.7500,0.7500,0.6875,0.5625,0.5625,0.5625,0.5000,0.5625,0.5625,0.6875,0.5000,0.5625,0.5625,0.5625,0.5000,0.5000,0.5625,0.5625,0.5000,0.5625,0.5625,0.5625,0.5625,0.5625,0.5625,0.5000,0.5625,0.5000,0.5000,0.5000,0.5000,0.5000,0.5625,0.5000,0.5625,0.5625,0.5625,0.5625,0.5625,0.5625,0.5625,0.5625,0.5625,0.5625,0.6250,0.5625,0.5625,0.5625,0.5625,0.5625,0.5625,0.5625,0.6250,0.6250,0.6250,0.5625,0.5625,0.5625,0.5625,0.5625,0.5625,0.6250,0.6875,0.7500,0.7500,0.6875,0.6250,0.6250,0.5625,0.5000,0.5625,0.6250,0.6250,0.6875,0.6250,0.6250,0.7500,0.6250,0.6250,0.5625,0.6250,0.6250,0.6875,0.6875,0.6250,0.5625,0.5625,0.5625,0.6250,0.6250,0.5625,0.5625,0.5625,0.5625,0.5000,0.5625,0.5000,0.6250,0.6250,0.7500,0.6875,0.5625,0.6250,0.6250,0.6250,0.6250,0.6250,0.6250,0.5625,0.6875,0.5625,0.7500,0.6875,0.7500,0.6875,0.6875,0.6875,0.6875,0.6875,0.6875,0.6250,0.6875,0.6250,0.6875,0.7500,0.7500,0.7500,0.6875,0.6875,0.6875,0.6250,0.6875,0.6875,0.6875,0.6875,0.6875,0.7500,0.6250,0.6250,0.6875,0.6875,0.6250,0.6875,0.6875,0.6250,0.6875,0.6875,0.6875,0.6250,0.6250,0.6875,0.6250,0.6875,0.6875,0.6875,0.6875,0.6250,0.6875,0.6875,0.6875,0.6875,0.6875,0.6250,0.6875,0.6250,0.6875,0.6875,0.6875,0.6875,0.6875,0.6250,0.6875,0.6875,0.6875,0.6875,0.6875,0.6875,0.6875,0.6875,0.7500,0.6875,0.6875,0.6875,0.6875,0.6875
2025-07-30T19:02:32,83.456093,20.224859,0,1.1875,1.2500,1.3125,1.3125,1.2500,1.3125,1.2500,1.3125,1.3750,1.3750,1.3750,1.2500,1.4375,1.4375,1.5000,1.4375,1.1250,1.3125,1.4375,1.3750,1.5000,1.4375,1.2500,1.1875,1.3125,1.3750,1.3125,1.3125,1.3750,1.3750,1.2500,1.3750,1.4375,1.5000,1.5625,1.5625,1.5625,1.5000,1.5000,1.4375,1.4375,1.1250,1.0625,1.1250,1.2500,1.3750,1.4375,1.5000,1.5000,1.5625,1.5625,1.5000,1.5000,1.3750,0.8125,0.8125,0.8125,0.7500,0.5000,0.5625,0.5625,0.5000,0.5625,0.5625,0.6875,0.5625,0.5625,0.5000,0.5625,0.5000,0.5625,0.5625,0.5625,0.5625,0.5625,0.5625,0.5625,0.5625,0.5625,0.5000,0.5000,0.5000,0.5625,0.5625,0.6250,0.5000,0.5625,0.5625,0.5625,0.5625,0.5625,0.5625,0.5625,0.5625,0.5000,0.5625,0.5625,0.5625,0.5625,0.5625,0.5000,0.5625,0.5625,0.5625,0.6250,0.5000,0.5625,0.5625,0.6250,0.6250,0.6250,0.5625,0.6250,0.5625,0.5625,0.5625,0.6250,0.6875,0.7500,0.7500,0.6875,0.6875,0.6250,0.5625,0.5000,0.5625,0.6250,0.6250,0.6875,0.6250,0.6875,0.6875,0.6250,0.5625,0.5625,0.5625,0.6875,0.6875,0.6250,0.6250,0.5625,0.5625,0.5625,0.5625,0.6250,0.5625,0.5625,0.5625,0.5625,0.5625,0.5625,0.6250,0.6250,0.5625,0.7500,0.6875,0.5625,0.6250,0.5625,0.6250,0.5625,0.6875,0.6250,0.6250,0.6250,0.6250,0.6250,0.5625,0.6250,0.6250,0.6250,0.6250,0.6250,0.6250,0.5625,0.5000,0.5625,0.6250,0.6250,0.6875,0.6250,0.6875,0.6875,0.6875,0.6250,0.6875,0.6250,0.6875,0.6875,0.6875,0.6250,0.6250,0.6250,0.6250,0.6875,0.6250,0.6250,0.6250,0.6875,0.6250,0.6250,0.6875,0.6250,0.6250,0.6250,0.6250,0.6875,0.6875,0.6250,0.6875,0.6250,0.6875,0.6875,0.6875,0.6250,0.6250,0.6250,0.6250,0.6875,0.6875,0.6250,0.6875,0.6875,0.6875,0.6875,0.6875,0.6250,0.6875,0.6250,0.6875,0.6875,0.6250,0.6250,0.6875,0.6875,0.6875,0.6250,0.6875,0.6875,0.7500
2025-07-31T19:01:33,83.654579,18.127460,0,1.0000,1.1250,1.1250,1.1250,1.1875,1.1875,1.0625,1.1250,1.1250,1.1875,1.1875,1.1250,1.1875,1.1875,1.2500,1.4375,1.4375,1.3125,1.3125,1.3125,1.3125,1.3750,1.3750,1.1875,1.0000,1.0000,1.3125,1.4375,1.5000,1.5625,1.5000,1.5000,1.3750,1.3750,1.3750,1.3750,1.4375,1.5000,1.4375,1.5000,1.5000,1.4375,1.1875,1.2500,1.3750,1.2500,1.3750,1.4375,1.5625,1.5625,1.5625,1.5000,1.5625,1.4375,1.0000,0.8125,0.8125,0.7500,0.5000,0.5000,0.5625,0.5000,0.5000,0.5625,0.6875,0.5000,0.5000,0.5625,0.5000,0.5625,0.5625,0.6250,0.5625,0.5625,0.5000,0.5000,0.5625,0.5625,0.5625,0.5625,0.5625,0.5625,0.5625,0.5625,0.5625,0.5625,0.5625,0.5625,0.6250,0.5625,0.5625,0.5625,0.5625,0.5625,0.5625,0.5625,0.5625,0.5625,0.5625,0.6250,0.5625,0.5625,0.6250,0.6250,0.6250,0.5625,0.5625,0.5625,0.6250,0.5625,0.6250,0.5625,0.5625,0.6250,0.5625,0.5625,0.6875,0.6875,0.6875,0.7500,0.6875,0.6875,0.6250,0.5625,0.5625,0.6250,0.5625,0.6250,0.6875,0.6875,0.6875,0.6875,0.6875,0.6250,0.6250,0.5625,0.6875,0.6875,0.6250,0.6250,0.5625,0.5625,0.6250,0.6250,0.5625,0.5625,0.5625,0.5625,0.6250,0.5625,0.5625,0.6250,0.6875,0.6250,0.6250,0.6875,0.5625,0.6250,0.6250,0.6250,0.6250,0.6250,0.6250,0.5625,0.7500,0.6250,0.6250,0.6875,0.6250,0.5625,0.5625,0.5625,0.5625,0.5000,0.5000,0.5625,0.5625,0.5625,0.6250,0.6875,0.6875,0.6875,0.6875,0.6875,0.6250,0.6875,0.6875,0.6875,0.6250,0.6875,0.6250,0.6875,0.6250,0.6250,0.6875,0.6250,0.6875,0.6250,0.6250,0.6875,0.6250,0.6250,0.6875,0.6875,0.6875,0.6875,0.6250,0.6875,0.6250,0.6250,0.6250,0.6250,0.6250,0.6250,0.6250,0.6250,0.6250,0.6250,0.6250,0.6250,0.6250,0.6250,0.6250,0.6250,0.6875,0.6250,0.6875,0.6875,0.6875,0.6250,0.5625,0.6250,0.5000,0.5000,0.5625,0.6250,0.6875,0.5625,0.6250,0.6875
2025-08-01T19:01:48,83.687813,19.259291,0,1.1250,1.1875,1.1875,1.3125,1.2500,1.1875,1.2500,1.1875,1.1875,1.2500,1.2500,1.2500,1.2500,1.2500,1.1875,1.3125,1.3125,1.3125,1.2500,1.2500,1.3750,1.3125,1.3125,1.3125,1.3750,1.3750,1.3750,1.3750,1.4375,1.5625,1.5625,1.5625,1.6250,1.6250,1.6250,1.5000,1.5000,1.5000,1.5625,1.5000,1.5625,1.4375,1.3125,1.2500,1.2500,1.3125,1.3750,1.5000,1.5625,1.5625,1.5000,1.5000,1.3750,0.8125,0.7500,0.8125,0.7500,0.7500,0.5000,0.5000,0.5625,0.5625,0.5000,0.5625,0.6250,0.5625,0.5000,0.5625,0.5000,0.5625,0.5625,0.5625,0.5000,0.5625,0.5625,0.6250,0.5625,0.5625,0.5625,0.5625,0.5625,0.5625,0.5625,0.5625,0.5625,0.5625,0.5625,0.5625,0.6250,0.5000,0.5625,0.5625,0.5625,0.5625,0.5625,0.6250,0.5625,0.6250,0.5625,0.6250,0.5625,0.5625,0.5625,0.6250,0.6250,0.5625,0.5625,0.6250,0.6875,0.6875,0.6250,0.6250,0.6250,0.6250,0.5625,0.6250,0.6875,0.6875,0.6875,0.7500,0.6875,0.6875,0.6250,0.5625,0.5625,0.5625,0.6250,0.6250,0.6250,0.6250,0.6875,0.7500,0.6875,0.6250,0.5625,0.6250,0.6875,0.6875,0.6250,0.6250,0.5625,0.6250,0.5625,0.6250,0.5625,0.6250,0.6250,0.6250,0.5625,0.5625,0.5625,0.6250,0.6875,0.6250,0.6250,0.6875,0.5625,0.6250,0.6250,0.6250,0.6875,0.6250,0.6250,0.6250,0.6875,0.6250,0.6250,0.6875,0.6250,0.6250,0.5625,0.6250,0.5625,0.5625,0.5625,0.5625,0.5000,0.5625,0.6250,0.6250,0.6875,0.6875,0.6875,0.6250,0.6875,0.6250,0.6250,0.6250,0.6875,0.6875,0.6250,0.6875,0.6250,0.6875,0.6875,0.6875,0.6250,0.6875,0.6250,0.6875,0.6875,0.6250,0.6875,0.6875,0.6250,0.6875,0.6250,0.6250,0.6875,0.6250,0.6250,0.6250,0.6250,0.6250,0.6875,0.6250,0.5625,0.5625,0.5625,0.6250,0.6875,0.6250,0.6250,0.6250,0.6250,0.6250,0.6250,0.6250,0.5625,0.6250,0.6250,0.5625,0.5625,0.5625,0.5625,0.6250,0.6250,0.5625,0.5000,0.6250
2025-08-02T19:02:16,83.845993,18.012110,0,1.2500,1.3125,1.3125,1.3750,1.3750,1.3125,1.2500,1.2500,1.2500,1.3125,1.3750,1.3750,1.3750,1.4375,1.3750,1.4375,1.4375,1.4375,1.4375,1.3750,1.4375,1.4375,1.3750,1.4375,1.3750,1.4375,1.4375,1.5000,1.5000,1.5000,1.5000,1.5625,1.6250,1.5000,1.5625,1.5000,1.4375,1.2500,1.5000,1.5000,1.5000,1.4375,1.3750,1.4375,1.5000,1.5000,1.5000,1.5625,1.5625,1.5625,1.5625,1.5000,1.3750,0.8125,0.7500,0.8125,0.7500,0.7500,0.5000,0.5625,0.5625,0.5625,0.5625,0.5625,0.6250,0.5625,0.5625,0.5625,0.5625,0.5625,0.5000,0.6250,0.5625,0.5625,0.5000,0.5625,0.5625,0.5000,0.5625,0.5625,0.5625,0.5625,0.6250,0.5625,0.5625,0.5625,0.5625,0.5000,0.6250,0.6250,0.5625,0.5625,0.5625,0.5625,0.5625,0.5625,0.5625,0.5625,0.6250,0.5625,0.6250,0.5625,0.5625,0.5625,0.5625,0.5625,0.6250,0.6250,0.6250,0.6875,0.6875,0.6875,0.6875,0.5625,0.5625,0.6250,0.6250,0.6875,0.7500,0.7500,0.6875,0.6875,0.6250,0.5625,0.5000,0.5625,0.6250,0.6250,0.6250,0.6250,0.6250,0.6875,0.6875,0.6250,0.5625,0.6250,0.6250,0.6875,0.6250,0.6250,0.6250,0.6250,0.6250,0.5625,0.5625,0.6250,0.6250,0.6250,0.5625,0.5625,0.5625,0.6250,0.6250,0.5625,0.6250,0.6250,0.6250,0.6250,0.6250,0.5625,0.6875,0.6875,0.6250,0.7500,0.6875,0.6875,0.6875,0.5625,0.6250,0.5625,0.5625,0.5000,0.5625,0.5625,0.5625,0.5625,0.5625,0.6250,0.6250,0.6875,0.6250,0.6250,0.6875,0.6875,0.6875,0.6875,0.6875,0.6250,0.6875,0.6250,0.6875,0.6875,0.6250,0.6250,0.6250,0.6250,0.6250,0.6875,0.6875,0.6250,0.6875,0.6875,0.6250,0.6875,0.6250,0.6875,0.6875,0.6250,0.6875,0.6250,0.6875,0.6875,0.6875,0.6250,0.6250,0.6875,0.6250,0.6250,0.6250,0.6250,0.6250,0.6250,0.6250,0.6250,0.6875,0.6250,0.6250,0.6250,0.6250,0.6250,0.6250,0.6250,0.6250,0.5625,0.5625,0.6250,0.6250,0.6250,0.6250,0.6250
2025-08-03T19:01:38,83.797752,20.323139,0,1.1250,1.1875,1.1875,1.1875,1.1875,1.1875,1.1250,1.1875,1.1875,1.1250,1.1875,1.1250,1.1250,1.1875,1.0625,1.1875,1.1875,1.2500,1.2500,1.2500,1.2500,1.2500,1.1875,1.2500,1.3125,1.2500,1.3125,1.3750,1.3750,1.3125,1.2500,1.3125,1.4375,1.5000,1.5625,1.5625,1.5625,1.5625,1.5625,1.5000,1.5625,1.5000,1.5000,1.4375,1.3750,1.1250,1.3750,1.5000,1.5000,1.5000,1.5625,1.5625,1.5000,1.0000,0.8125,0.8125,0.7500,0.7500,0.5000,0.5000,0.5625,0.5625,0.5000,0.5625,0.6875,0.5625,0.5000,0.5625,0.5625,0.5625,0.5000,0.5625,0.5625,0.5625,0.5625,0.5625,0.5625,0.5000,0.5625,0.5625,0.5625,0.5625,0.5625,0.5000,0.5000,0.5000,0.5625,0.5625,0.5625,0.5625,0.5625,0.5625,0.5625,0.5625,0.5625,0.6250,0.5625,0.5625,0.5625,0.5625,0.5625,0.5625,0.6250,0.6250,0.6250,0.6250,0.5625,0.6875,0.6875,0.6875,0.6875,0.7500,0.6875,0.6250,0.5625,0.6250,0.6875,0.6875,0.6875,0.7500,0.6875,0.6875,0.6250,0.5625,0.5625,0.5625,0.6250,0.6250,0.6875,0.6250,0.6875,0.6875,0.6875,0.6250,0.6250,0.6250,0.6250,0.6875,0.6875,0.6250,0.6250,0.6250,0.6250,0.6250,0.5625,0.5625,0.6250,0.5625,0.5625,0.5625,0.5625,0.5625,0.6250,0.6250,0.6250,0.6250,0.5625,0.6250,0.5625,0.6250,0.6250,0.6875,0.6875,0.8125,0.5625,0.5625,0.5000,0.5625,0.5000,0.5625,0.5000,0.5000,0.5000,0.5625,0.5000,0.5000,0.5000,0.5000,0.5625,0.6250,0.6250,0.6250,0.6250,0.6250,0.6250,0.6875,0.6875,0.6250,0.6250,0.6250,0.6250,0.6875,0.6250,0.6250,0.6875,0.6250,0.6250,0.6250,0.6875,0.6875,0.6250,0.6250,0.6250,0.6875,0.6250,0.6875,0.6250,0.6875,0.6250,0.6250,0.6250,0.6250,0.6250,0.6250,0.5625,0.6250,0.5625,0.6250,0.5625,0.6250,0.6250,0.6250,0.6250,0.6250,0.6250,0.6250,0.6250,0.6250,0.6250,0.6250,0.5625,0.6250,0.5625,0.5000,0.5625,0.6875,0.6250,0.5625,0.5000,0.6250
2025-08-04T19:01:39,84.109016,18.103760,0,1.2500,1.3125,1.3750,1.3125,1.3125,1.2500,1.3750,1.3125,1.3125,1.3125,1.3125,1.3125,1.3750,1.3750,1.3125,1.3125,1.3125,1.3750,1.3750,1.3125,1.3125,1.3750,1.3750,1.3750,1.3750,1.3750,1.3750,1.3750,1.3750,1.4375,1.4375,1.4375,1.3750,1.3750,1.4375,1.5000,1.3750,1.2500,1.3750,1.4375,1.5000,1.5000,1.5000,1.5000,1.4375,1.2500,1.1875,1.3125,1.4375,1.5000,1.5000,1.5000,1.4375,0.8125,0.8125,0.8125,0.7500,0.7500,0.5625,0.5000,0.5625,0.5625,0.5000,0.5000,0.6250,0.5625,0.5000,0.5625,0.5000,0.5625,0.5000,0.5625,0.5625,0.5625,0.5000,0.5625,0.5625,0.5625,0.5625,0.5625,0.5625,0.5625,0.5625,0.5625,0.5625,0.5625,0.5625,0.5625,0.5625,0.5625,0.5625,0.5625,0.5625,0.5625,0.5625,0.5625,0.5625,0.5625,0.5625,0.6250,0.5625,0.6250,0.6250,0.6250,0.6250,0.5625,0.6875,0.6875,0.6875,0.6875,0.6875,0.7500,0.6875,0.6250,0.6250,0.6250,0.6875,0.6875,0.6875,0.7500,0.7500,0.6875,0.6250,0.5625,0.5000,0.5625,0.6250,0.6250,0.6875,0.6250,0.7500,0.6875,0.7500,0.6250,0.6250,0.6250,0.6250,0.6875,0.6875,0.6875,0.6250,0.6250,0.6250,0.6250,0.5625,0.5625,0.6250,0.5625,0.5625,0.5625,0.5625,0.6250,0.6250,0.6250,0.5625,0.6250,0.5625,0.6875,0.6250,0.6250,0.6875,0.6875,0.6875,0.9375,0.5625,0.5000,0.5000,0.4375,0.5625,0.5000,0.5000,0.5000,0.5000,0.5000,0.5625,0.5625,0.5000,0.5625,0.5625,0.6250,0.6250,0.6250,0.6250,0.6875,0.6250,0.6250,0.6875,0.6250,0.6250,0.6250,0.6875,0.6875,0.6250,0.6250,0.6875,0.6875,0.6875,0.6875,0.6250,0.6875,0.6250,0.6250,0.6250,0.6250,0.6250,0.6875,0.6250,0.6250,0.6875,0.6250,0.6250,0.6250,0.6250,0.6250,0.6250,0.6250,0.5625,0.5625,0.5625,0.5625,0.6250,0.6250,0.6250,0.5625,0.6250,0.6250,0.6250,0.5625,0.6250,0.5625,0.5625,0.5625,0.5000,0.5000,0.5625,0.5625,0.5625,0.5625,0.5625,0.5625
2025-08-05T19:01:51,84.393806,17.507160,0,1.0625,1.1250,1.1875,1.1875,1.1875,1.1875,1.0625,1.1875,1.1875,1.1875,1.1250,1.1875,1.1875,1.1875,1.1875,1.1875,1.1875,1.1875,1.2500,1.1875,1.1875,1.2500,1.3125,1.2500,1.2500,1.1875,1.2500,1.3125,1.3125,1.2500,1.2500,1.2500,1.2500,1.2500,1.0000,1.0625,1.3750,1.2500,1.3125,1.2500,1.3125,1.4375,1.4375,1.3750,1.3750,1.3125,1.1875,1.0625,1.2500,1.3125,1.3750,1.5000,1.3750,0.8750,0.8125,0.7500,0.8125,0.7500,0.5000,0.5000,0.5625,0.5000,0.5000,0.5625,0.6250,0.5000,0.5625,0.5625,0.5000,0.5000,0.5625,0.6250,0.5000,0.5625,0.5625,0.5000,0.5000,0.5000,0.5625,0.5625,0.5625,0.5625,0.5625,0.5625,0.5625,0.5625,0.5625,0.5000,0.5625,0.5625,0.5000,0.5625,0.6250,0.5625,0.5625,0.6250,0.6250,0.6250,0.5625,0.6250,0.5625,0.6250,0.6250,0.6875,0.6875,0.5625,0.6250,0.6875,0.6875,0.6875,0.7500,0.6875,0.6875,0.6875,0.6250,0.6250,0.6875,0.7500,0.7500,0.8125,0.7500,0.6875,0.6250,0.5625,0.5625,0.5625,0.6250,0.6875,0.6875,0.6250,0.6875,0.6875,0.6875,0.6875,0.6250,0.6875,0.6875,0.7500,0.6875,0.6250,0.6875,0.6250,0.6250,0.6250,0.5625,0.5625,0.5625,0.5625,0.5625,0.5625,0.5625,0.6250,0.6250,0.6250,0.6875,0.6250,0.5625,0.6875,0.6250,0.6250,0.6250,0.6875,0.6875,0.5000,0.5000,0.5000,0.5000,0.5000,0.5000,0.5000,0.5000,0.5000,0.5000,0.5000,0.4375,0.5000,0.5000,0.5000,0.5625,0.6250,0.6250,0.6250,0.6250,0.6250,0.6875,0.6250,0.6250,0.6250,0.6250,0.6250,0.6250,0.6875,0.6250,0.6250,0.6250,0.6250,0.6875,0.6875,0.6250,0.6250,0.6875,0.6250,0.6250,0.6250,0.6250,0.6250,0.6250,0.6250,0.6250,0.6250,0.6875,0.6250,0.6250,0.6250,0.6250,0.6250,0.6250,0.5625,0.5625,0.5625,0.6250,0.6250,0.6250,0.5625,0.6250,0.6250,0.6250,0.6875,0.6250,0.5625,0.6250,0.5625,0.5000,0.5000,0.5625,0.5625,0.6250,0.5000,0.5625,0.5625
2025-08-06T19:02:35,84.107826,22.190290,0,1.1875,1.3125,1.3750,1.3750,1.3125,1.3750,1.3750,1.3750,1.3750,1.3750,1.3750,1.3750,1.3750,1.3750,1.3750,1.5000,1.4375,1.4375,1.3750,1.3750,1.1875,1.0000,1.1875,1.3750,1.4375,1.4375,1.4375,1.4375,1.5000,1.5000,1.5000,1.4375,1.4375,1.4375,1.5000,1.5000,1.5625,1.5625,1.5625,1.5000,1.5625,1.5000,1.5625,1.5000,1.5000,1.5000,1.5625,1.5000,1.4375,1.5625,1.5625,1.5000,1.5000,0.9375,0.8125,0.8125,0.8125,0.7500,0.5000,0.5000,0.5625,0.5000,0.5000,0.5000,0.6250,0.5000,0.5625,0.5000,0.5625,0.5625,0.5625,0.5000,0.5625,0.5625,0.5000,0.5625,0.5000,0.5000,0.5625,0.5625,0.5625,0.5625,0.5625,0.5625,0.5625,0.5625,0.5625,0.5625,0.5625,0.5625,0.5625,0.5625,0.5625,0.5625,0.5625,0.6250,0.6250,0.5625,0.5625,0.5625,0.5625,0.6250,0.6875,0.6250,0.6875,0.6250,0.6250,0.6875,0.6875,0.7500,0.7500,0.6875,0.7500,0.6875,0.6250,0.6250,0.6875,0.6875,0.7500,0.7500,0.6875,0.6875,0.6250,0.5625,0.5625,0.5625,0.6250,0.6250,0.6875,0.6875,0.6875,0.6875,0.6875,0.6875,0.6250,0.6875,0.6875,0.7500,0.6875,0.6250,0.6250,0.6250,0.6250,0.6250,0.5625,0.5625,0.6250,0.5625,0.6250,0.5000,0.5625,0.6250,0.6250,0.6250,0.6250,0.6250,0.6250,0.6250,0.6250,0.6250,0.6875,0.5625,0.6250,0.5625,0.6250,0.5625,0.5625,0.6250,0.5625,0.5625,0.5625,0.5625,0.5625,0.5625,0.5625,0.5625,0.6250,0.6250,0.6250,0.6250,0.6875,0.6250,0.6875,0.6875,0.6875,0.6875,0.6250,0.6875,0.6875,0.6875,0.6250,0.6875,0.6875,0.6250,0.6875,0.6250,0.6875,0.6250,0.6250,0.6875,0.6250,0.6250,0.6250,0.6875,0.6250,0.6875,0.6875,0.6875,0.6875,0.6250,0.6250,0.6250,0.6250,0.6250,0.6875,0.6875,0.6250,0.6250,0.5625,0.6250,0.6250,0.6250,0.6250,0.6250,0.6875,0.6250,0.6250,0.5625,0.6250,0.6250,0.6250,0.6250,0.5625,0.6250,0.5625,0.6250,0.6250,0.6250,0.6250,0.6250
2025-08-07T19:01:40,84.551270,17.241461,0,1.0625,1.1875,1.1875,1.1875,1.1875,1.1875,1.2500,1.1875,1.2500,1.1875,1.1250,1.1875,1.2500,1.3125,1.4375,1.4375,1.3750,1.3125,1.1250,0.8750,1.0000,1.3125,1.4375,1.4375,1.3750,1.4375,1.3750,1.3125,1.3125,1.3750,1.3750,1.4375,1.4375,1.4375,1.3750,1.3750,1.4375,1.3750,1.4375,1.4375,1.4375,1.3750,1.4375,1.1875,1.0625,1.0625,1.0000,1.1250,1.4375,1.4375,1.4375,1.3750,1.3750,0.8125,0.8125,0.8125,0.8125,0.7500,0.5625,0.5000,0.5625,0.5000,0.5625,0.5625,0.6250,0.5000,0.5000,0.5000,0.5000,0.5000,0.5000,0.5625,0.5000,0.5625,0.5625,0.5625,0.5625,0.5625,0.5000,0.5625,0.5625,0.5625,0.5625,0.5625,0.5625,0.5625,0.5625,0.5625,0.6250,0.5625,0.5000,0.5625,0.5625,0.5625,0.5625,0.5625,0.5625,0.5625,0.5625,0.5625,0.5625,0.6250,0.6250,0.6250,0.6875,0.6250,0.6250,0.6875,0.6875,0.6875,0.7500,0.6875,0.6875,0.6875,0.6250,0.6875,0.6875,0.7500,0.7500,0.7500,0.6875,0.6875,0.6250,0.5625,0.6250,0.5625,0.6250,0.6250,0.6875,0.6875,0.6875,0.6875,0.6875,0.6875,0.6875,0.6875,0.6875,0.6875,0.6875,0.6250,0.6875,0.6250,0.6875,0.6250,0.5625,0.6250,0.6250,0.5625,0.5625,0.5625,0.5625,0.6250,0.6250,0.6250,0.6250,0.6250,0.5625,0.6250,0.6250,0.6250,0.5625,0.5625,0.5625,0.5000,0.5625,0.5625,0.5625,0.5000,0.5000,0.5625,0.5000,0.5000,0.5000,0.5000,0.5000,0.5000,0.5625,0.5625,0.5625,0.6250,0.6250,0.5625,0.6250,0.6250,0.6250,0.6250,0.6250,0.6250,0.6250,0.6250,0.6250,0.6875,0.6250,0.6250,0.6250,0.6250,0.6250,0.6250,0.6250,0.6875,0.6250,0.6250,0.5625,0.6250,0.5625,0.5625,0.5625,0.6250,0.6250,0.6250,0.6875,0.6875,0.6875,0.6250,0.6250,0.6250,0.5625,0.6250,0.6250,0.6250,0.6250,0.6250,0.6250,0.6250,0.6250,0.6250,0.5625,0.5625,0.6250,0.6250,0.5625,0.5625,0.5000,0.5625,0.5625,0.5625,0.5625,0.5625,0.5000,0.6250
2025-08-08T19:01:45,84.742203,15.838000,0,1.0625,1.1250,1.1250,1.1250,1.1250,1.1875,1.1875,1.1875,1.1875,1.1875,1.1875,1.1875,1.1875,1.2500,1.2500,1.2500,1.1250,1.0000,1.1250,1.0625,1.2500,1.3125,1.3750,1.4375,1.3750,1.4375,1.3125,1.3750,1.3125,1.3750,1.4375,1.3750,1.5000,1.4375,1.4375,1.4375,1.4375,1.4375,1.4375,1.3750,1.4375,1.5000,1.3750,1.2500,1.0625,1.0625,1.0000,1.1250,1.5000,1.5000,1.5000,1.5000,1.4375,0.8750,0.8125,0.7500,0.8125,0.7500,0.5625,0.5000,0.5625,0.5625,0.5000,0.5000,0.6875,0.5000,0.5000,0.5625,0.5000,0.5000,0.5625,0.5625,0.5625,0.5625,0.5000,0.5625,0.5625,0.5000,0.5625,0.5625,0.5625,0.5625,0.5000,0.5625,0.5625,0.5625,0.5625,0.5625,0.5625,0.6250,0.5625,0.5625,0.5625,0.5625,0.5625,0.5625,0.5625,0.5625,0.5625,0.6250,0.5625,0.6250,0.6250,0.6875,0.6875,0.6250,0.6250,0.6875,0.7500,0.6875,0.7500,0.6875,0.7500,0.6875,0.6250,0.6875,0.7500,0.7500,0.7500,0.7500,0.6875,0.6875,0.6250,0.5625,0.5000,0.5625,0.6875,0.6875,0.6875,0.6875,0.6875,0.6875,0.6875,0.6875,0.6875,0.6875,0.6875,0.6875,0.6250,0.6250,0.6875,0.6250,0.6250,0.6250,0.5625,0.6250,0.6250,0.6250,0.5625,0.5000,0.5625,0.6250,0.6250,0.6250,0.6250,0.6250,0.6250,0.6250,0.6250,0.5625,0.5625,0.5625,0.5625,0.5000,0.5625,0.5625,0.5625,0.5625,0.5000,0.6250,0.5625,0.6250,0.6250,0.5625,0.5625,0.5625,0.6250,0.6250,0.6250,0.6250,0.6875,0.6875,0.6250,0.6250,0.6875,0.6250,0.6875,0.6875,0.6875,0.6250,0.6875,0.6875,0.6250,0.6875,0.6875,0.6875,0.6250,0.6875,0.6250,0.6875,0.6250,0.6250,0.6250,0.6250,0.6250,0.6250,0.5625,0.6250,0.6250,0.6250,0.6250,0.6875,0.6875,0.6250,0.6875,0.6250,0.6250,0.5625,0.6250,0.6250,0.6875,0.6250,0.6250,0.6250,0.6250,0.5625,0.6250,0.6250,0.6250,0.6875,0.6250,0.5625,0.5625,0.6250,0.6250,0.6875,0.6250,0.5625,0.6250,0.6250
2025-08-09T19:01:34,84.864510,15.395550,0,1.0000,1.1250,1.1250,1.0625,1.1250,1.1250,1.1875,1.1250,1.1875,1.1875,1.1875,1.1875,1.3125,1.4375,1.4375,1.4375,1.3125,1.1250,1.0000,0.9375,1.1250,1.3125,1.2500,1.2500,1.1875,1.1875,1.1875,1.2500,1.1875,1.2500,1.2500,1.3125,1.2500,1.3750,1.3125,1.3750,1.4375,1.3750,1.3750,1.4375,1.4375,1.3750,1.3125,1.1250,1.0625,1.1875,1.3750,1.4375,1.5000,1.5625,1.5000,1.5000,1.3750,0.8125,0.8125,0.8125,0.8125,0.7500,0.5625,0.5000,0.5625,0.5000,0.5000,0.5625,0.6875,0.5000,0.5000,0.5625,0.5625,0.5625,0.5625,0.5625,0.5625,0.5625,0.5625,0.5625,0.5000,0.5625,0.5625,0.5625,0.5625,0.5625,0.5625,0.5625,0.6250,0.5625,0.5625,0.5625,0.6250,0.5625,0.5625,0.5625,0.5625,0.5625,0.6250,0.6250,0.5625,0.6250,0.5625,0.5625,0.6250,0.6250,0.6875,0.7500,0.6875,0.6250,0.6250,0.7500,0.7500,0.6875,0.7500,0.6875,0.7500,0.6875,0.6250,0.6875,0.6875,0.7500,0.7500,0.7500,0.6875,0.6875,0.6250,0.5625,0.5000,0.5625,0.6875,0.6875,0.6875,0.6875,0.6875,0.6875,0.6875,0.6875,0.6875,0.6250,0.7500,0.6875,0.7500,0.6875,0.6250,0.6250,0.6250,0.5625,0.5625,0.5625,0.5625,0.5625,0.5000,0.5625,0.5625,0.6250,0.6250,0.6250,0.6250,0.5625,0.5625,0.6250,0.6250,0.5625,0.5625,0.5625,0.5625,0.6250,0.5625,0.6250,0.5625,0.6250,0.6250,0.6250,0.6250,0.6250,0.6250,0.6250,0.6250,0.6250,0.5625,0.5625,0.6250,0.6875,0.6875,0.6250,0.6875,0.6875,0.6250,0.6875,0.6250,0.6875,0.6875,0.6875,0.6875,0.6875,0.6875,0.6250,0.6250,0.6250,0.6250,0.6250,0.6875,0.6875,0.6875,0.6250,0.5625,0.5625,0.6250,0.5625,0.5625,0.6250,0.6250,0.6875,0.6875,0.6875,0.6875,0.6875,0.6250,0.6250,0.6250,0.6250,0.6250,0.6250,0.6250,0.6875,0.6250,0.6875,0.6250,0.6250,0.6250,0.6250,0.6250,0.6875,0.6250,0.6250,0.6250,0.5625,0.6250,0.6250,0.6250,0.6250,0.6250,0.6250
2025-08-10T19:01:38,84.455551,21.250509,0,0.7500,0.7500,0.7500,0.7500,0.8125,0.8125,0.8750,0.8750,0.8750,0.8750,1.0625,1.3750,1.4375,1.3125,1.0625,1.1875,1.0625,0.9375,1.0000,1.1250,1.3125,1.1875,1.2500,1.2500,1.1875,1.2500,1.3125,1.3125,1.1250,1.1875,1.3125,1.1875,1.1250,1.0625,1.0000,1.0625,0.9375,0.9375,1.0000,1.0000,1.0625,1.1250,1.2500,1.1250,1.0000,1.0625,1.3125,1.1875,1.3750,1.5000,1.4375,1.4375,1.5000,1.5000,1.0000,0.8125,0.8125,0.7500,0.5625,0.5000,0.5625,0.5625,0.5000,0.5625,0.6250,0.5000,0.5625,0.5625,0.5000,0.5625,0.5625,0.5625,0.5000,0.5000,0.5625,0.5625,0.5000,0.5625,0.5625,0.5625,0.5625,0.5625,0.5625,0.5625,0.5625,0.5000,0.5625,0.5625,0.5625,0.5625,0.5625,0.5625,0.5625,0.5000,0.5000,0.6250,0.6250,0.5625,0.5625,0.5625,0.6250,0.6875,0.6875,0.6875,0.6875,0.6250,0.6875,0.7500,0.7500,0.7500,0.7500,0.7500,0.6875,0.6875,0.6875,0.6875,0.6875,0.6875,0.7500,0.7500,0.6875,0.6875,0.6250,0.5625,0.5625,0.6250,0.6250,0.6875,0.6875,0.6875,0.6875,0.6875,0.7500,0.6875,0.6875,0.6875,0.7500,0.6875,0.6875,0.6875,0.6250,0.6250,0.6250,0.6250,0.5000,0.5625,0.6250,0.6250,0.5000,0.5000,0.5625,0.5625,0.6250,0.6250,0.7500,0.6250,0.5625,0.5625,0.5000,0.5625,0.5625,0.5000,0.5625,0.5625,0.6250,0.5625,0.5625,0.5625,0.6250,0.5625,0.5625,0.6250,0.5625,0.5625,0.5000,0.5625,0.5625,0.5625,0.5625,0.5625,0.5625,0.6250,0.6250,0.6250,0.5625,0.6250,0.6250,0.6250,0.6250,0.6250,0.6250,0.6250,0.6250,0.6250,0.6250,0.6250,0.6250,0.6250,0.6250,0.6875,0.6875,0.6250,0.6250,0.6250,0.5625,0.5625,0.5625,0.6250,0.6875,0.6250,0.6250,0.6250,0.6250,0.6250,0.6250,0.6250,0.6250,0.5625,0.6250,0.5625,0.6250,0.6250,0.6250,0.6250,0.6250,0.6250,0.6250,0.6250,0.6250,0.6250,0.6250,0.6250,0.5625,0.6250,0.5625,0.6250,0.5625,0.5625,0.6875,0.6250
2025-08-11T19:01:37,85.083519,15.658350,0,1.0000,1.3125,1.4375,1.5000,1.5000,1.5000,1.4375,1.4375,1.3750,1.2500,1.5625,1.5625,1.5000,1.5625,1.5625,1.5000,1.5000,1.5000,1.5000,1.5000,1.4375,1.2500,1.2500,1.2500,1.3750,1.3750,1.3750,1.1875,1.1875,1.1875,1.2500,1.1875,1.3125,1.3125,1.3750,1.3750,1.3125,1.3125,1.3125,1.3750,1.4375,1.3750,1.4375,1.3750,1.2500,1.2500,1.2500,1.1875,1.3750,1.5000,1.5000,1.5625,1.5625,1.5625,1.5625,1.2500,0.8750,0.6875,0.5625,0.5000,0.5625,0.5625,0.5625,0.6250,0.6875,0.5000,0.5625,0.5000,0.5625,0.5625,0.5000,0.5625,0.5000,0.5625,0.5625,0.5625,0.5625,0.5625,0.5625,0.5625,0.5625,0.5625,0.5625,0.5625,0.5625,0.5625,0.5625,0.5625,0.6250,0.5625,0.5625,0.5625,0.5625,0.5625,0.5625,0.6250,0.5625,0.5625,0.5000,0.6250,0.6250,0.6875,0.6250,0.6875,0.6875,0.6250,0.6875,0.7500,0.7500,0.7500,0.6875,0.7500,0.7500,0.6875,0.6250,0.6875,0.6875,0.7500,0.7500,0.7500,0.6875,0.6875,0.6250,0.5625,0.6250,0.5625,0.6250,0.6875,0.6875,0.6875,0.6875,0.6875,0.6875,0.6875,0.6250,0.6875,0.6875,0.7500,0.6875,0.6250,0.6250,0.6250,0.5625,0.5625,0.5625,0.5625,0.6250,0.5625,0.5625,0.5000,0.5625,0.6250,0.5625,0.6875,0.6875,0.6250,0.6250,0.6250,0.5625,0.5625,0.6250,0.5625,0.5000,0.5625,0.6250,0.5000,0.6250,0.5625,0.5000,0.5000,0.5625,0.5000,0.5000,0.5000,0.5000,0.5000,0.5625,0.5625,0.5000,0.5625,0.5625,0.5625,0.5625,0.5625,0.5000,0.5625,0.5625,0.5625,0.5625,0.5625,0.5625,0.5625,0.5625,0.6250,0.6250,0.6250,0.6250,0.6250,0.6250,0.6875,0.6250,0.6875,0.6250,0.6250,0.5625,0.5000,0.6250,0.6250,0.6250,0.6250,0.6250,0.6250,0.6250,0.6250,0.6250,0.6250,0.6250,0.6250,0.6250,0.5625,0.5625,0.5625,0.6250,0.5625,0.5625,0.6250,0.5625,0.6250,0.5000,0.5625,0.5000,0.5625,0.5625,0.5625,0.5625,0.5625,0.5625,0.5625,0.6250,0.6875
2025-08-12T19:01:32,85.205742,15.179930,0,1.0000,1.0000,1.0625,1.1250,1.2500,1.3125,1.2500,1.2500,1.3750,1.3750,1.3750,1.4375,1.3125,1.1250,1.0625,1.3125,1.2500,1.1250,0.9375,1.0000,1.3125,1.3125,1.3125,1.4375,1.4375,1.3750,1.4375,1.4375,1.4375,1.3750,1.4375,1.4375,1.3750,1.3750,1.4375,1.4375,1.3750,1.4375,1.3750,1.3750,1.4375,1.3125,1.3125,1.1250,1.0625,1.1250,1.2500,1.1250,1.3750,1.5000,1.5000,1.5625,1.5625,1.5000,1.5000,1.0000,0.8125,0.6875,0.5625,0.5000,0.5625,0.5625,0.5000,0.5625,0.6250,0.5000,0.5000,0.5625,0.5625,0.5625,0.5000,0.5625,0.5625,0.5625,0.5625,0.5625,0.5625,0.5625,0.5625,0.5625,0.5625,0.5625,0.5625,0.5625,0.5625,0.5625,0.5625,0.5625,0.5625,0.5625,0.5625,0.5625,0.5625,0.5625,0.6250,0.6250,0.5625,0.5625,0.5625,0.5625,0.6250,0.6875,0.6875,0.7500,0.6875,0.6875,0.6875,0.7500,0.7500,0.7500,0.6875,0.7500,0.7500,0.6875,0.6875,0.6875,0.6875,0.6875,0.7500,0.7500,0.6875,0.6875,0.6250,0.5625,0.6250,0.5000,0.6875,0.6875,0.6875,0.6875,0.6875,0.6875,0.7500,0.6875,0.6875,0.6875,0.6250,0.6875,0.6875,0.6250,0.6250,0.6250,0.6250,0.5625,0.5000,0.5625,0.6250,0.5625,0.5625,0.5000,0.5625,0.6250,0.6250,0.6250,0.5625,0.5625,0.5625,0.5625,0.5625,0.5625,0.5000,0.5625,0.5625,0.5625,0.5625,0.5000,0.5625,0.5625,0.5000,0.5625,0.5625,0.5000,0.5625,0.5000,0.5000,0.5000,0.5625,0.5625,0.5000,0.5625,0.5625,0.5625,0.5625,0.5000,0.5000,0.5625,0.5625,0.5625,0.5625,0.5625,0.5625,0.6250,0.5625,0.6250,0.6250,0.6250,0.6250,0.5625,0.6250,0.6250,0.6875,0.6250,0.6250,0.6250,0.5625,0.5625,0.5625,0.6250,0.6250,0.6250,0.6250,0.6250,0.6250,0.6250,0.6250,0.6250,0.6250,0.5625,0.6250,0.5625,0.6250,0.5625,0.6250,0.5625,0.6250,0.6250,0.5625,0.6250,0.5625,0.5625,0.5625,0.5625,0.5625,0.5000,0.5625,0.5000,0.5625,0.5625,0.6250,0.6875
2025-08-13T19:01:50,84.555153,21.661150,0,0.8750,0.9375,1.0000,0.9375,0.9375,0.9375,0.8750,0.8750,0.9375,0.8750,0.9375,0.8750,0.9375,0.9375,0.8750,0.8750,0.9375,0.9375,1.0000,1.0625,1.0000,0.9375,0.8750,0.9375,0.9375,1.0000,1.0000,1.0000,1.0000,1.0625,1.0625,1.0625,1.1875,1.0625,1.0000,1.0625,1.1250,1.0625,0.9375,1.0625,1.2500,1.3750,1.3750,1.3125,1.0625,1.2500,1.4375,1.3750,1.3750,1.5000,1.5000,1.3750,1.1875,0.8125,0.6875,0.7500,0.8125,0.6875,0.5625,0.5625,0.5000,0.5625,0.5625,0.5625,0.6250,0.5000,0.5625,0.6250,0.5625,0.5625,0.5000,0.6250,0.5000,0.5625,0.5625,0.5000,0.5625,0.5000,0.5625,0.5625,0.5625,0.5000,0.5625,0.5625,0.5625,0.5000,0.5625,0.6250,0.6250,0.5625,0.6250,0.5625,0.5625,0.5625,0.5625,0.6250,0.5625,0.5625,0.5625,0.6250,0.6250,0.7500,0.6250,0.7500,0.7500,0.6875,0.6875,0.7500,0.7500,0.7500,0.7500,0.7500,0.7500,0.7500,0.6875,0.6875,0.6875,0.6875,0.6875,0.7500,0.6875,0.7500,0.6250,0.5625,0.6250,0.5625,0.6250,0.6875,0.6875,0.6875,0.6875,0.6875,0.6250,0.6875,0.6875,0.6875,0.6875,0.6875,0.6875,0.6250,0.6250,0.5625,0.6250,0.5625,0.5000,0.5625,0.6250,0.5625,0.5625,0.5625,0.5625,0.6250,0.5000,0.5000,0.5625,0.5000,0.5000,0.5625,0.5625,0.5000,0.5000,0.5625,0.5000,0.5000,0.5625,0.5000,0.5000,0.5000,0.5625,0.5625,0.5625,0.5625,0.5000,0.5000,0.5000,0.5000,0.5000,0.5625,0.5000,0.5625,0.5000,0.5000,0.5000,0.5000,0.5000,0.5000,0.5000,0.5000,0.5000,0.5000,0.5625,0.5625,0.5625,0.5625,0.5625,0.5000,0.5625,0.5000,0.6250,0.5625,0.6250,0.5625,0.5625,0.5000,0.5000,0.5000,0.5625,0.6250,0.5625,0.6250,0.6250,0.6250,0.5625,0.5000,0.5625,0.5625,0.5000,0.5000,0.5625,0.5000,0.5000,0.5625,0.5625,0.5000,0.4375,0.5000,0.5000,0.5000,0.5000,0.5000,0.5000,0.5625,0.5625,0.5000,0.5625,0.5000,0.6250,0.5625,0.5625,0.6250
2025-08-14T19:01:37,84.651001,21.230610,0,0.9375,1.0000,1.0000,0.9375,0.9375,0.8750,0.8125,0.8125,0.8750,0.8125,0.8750,0.8750,0.9375,0.9375,0.8750,0.8750,1.0625,1.0625,1.1250,1.1875,1.1250,0.9375,0.8750,0.9375,0.9375,0.9375,0.9375,0.9375,0.9375,0.9375,1.0000,1.1875,1.2500,1.2500,1.2500,1.3750,1.3125,1.3750,1.3750,1.4375,1.4375,1.4375,1.4375,1.3125,1.1250,1.0625,1.0625,1.1875,1.3125,1.4375,1.5000,1.3750,1.1875,0.7500,0.6875,0.7500,0.7500,0.7500,0.5625,0.5625,0.5625,0.5625,0.5000,0.5625,0.6875,0.5000,0.5625,0.5625,0.5625,0.5625,0.5625,0.5000,0.5000,0.5625,0.5625,0.5625,0.5625,0.5625,0.5625,0.5625,0.5625,0.5000,0.5625,0.5625,0.5625,0.5625,0.5625,0.5625,0.5625,0.6250,0.6250,0.5625,0.5625,0.5625,0.5625,0.6250,0.6250,0.6250,0.5625,0.5625,0.6875,0.6875,0.6875,0.7500,0.7500,0.7500,0.6875,0.7500,0.7500,0.7500,0.6875,0.7500,0.7500,0.7500,0.6875,0.6875,0.6875,0.6875,0.7500,0.7500,0.6875,0.6875,0.6875,0.6250,0.6250,0.5625,0.6250,0.6875,0.6875,0.6875,0.7500,0.6875,0.6875,0.6875,0.6875,0.6875,0.6875,0.7500,0.6875,0.6875,0.6250,0.6250,0.6250,0.5625,0.5625,0.5625,0.6875,0.6250,0.5625,0.5625,0.5625,0.5625,0.5625,0.5625,0.5000,0.5625,0.5625,0.5000,0.5000,0.5000,0.5625,0.5000,0.5000,0.5000,0.5625,0.5000,0.5000,0.5625,0.4375,0.5625,0.5000,0.5000,0.5000,0.5000,0.5000,0.4375,0.5000,0.5000,0.5000,0.5000,0.5625,0.5000,0.5000,0.5625,0.5000,0.5000,0.5000,0.5000,0.5000,0.5000,0.5000,0.5000,0.5000,0.5000,0.5000,0.5000,0.5000,0.4375,0.5000,0.5625,0.5000,0.5000,0.5000,0.5000,0.5000,0.5000,0.5000,0.5000,0.5625,0.5625,0.5625,0.5625,0.5000,0.5000,0.5625,0.5000,0.5000,0.5000,0.5000,0.5000,0.4375,0.5000,0.5000,0.5000,0.5000,0.4375,0.5000,0.5000,0.5000,0.5000,0.5000,0.5000,0.5000,0.5000,0.5000,0.5000,0.5625,0.5000,0.5625,0.5625
2025-08-15T19:01:33,85.440361,14.582940,0,1.1250,1.1875,1.1250,1.0000,1.0000,0.9375,0.8750,0.8750,0.8750,0.9375,0.9375,1.0000,1.0000,0.9375,1.0000,1.0000,1.0625,1.1875,1.1875,1.2500,1.1875,1.1250,1.0000,1.0625,1.1250,1.1250,1.1250,1.1875,1.2500,1.3125,1.2500,1.1875,1.1875,1.1875,1.1250,1.2500,1.3750,1.3750,1.3750,1.3750,1.2500,1.0625,0.9375,1.0000,1.3750,1.4375,1.5000,1.5625,1.5000,1.4375,1.3125,1.2500,0.8125,0.7500,0.7500,0.7500,0.8125,0.8125,0.7500,0.6875,0.6250,0.5625,0.5625,0.5000,0.6875,0.5000,0.5000,0.5625,0.5625,0.6250,0.5625,0.6875,0.5625,0.6250,0.6250,0.6250,0.5625,0.5625,0.6250,0.5625,0.5625,0.5625,0.6250,0.6250,0.5625,0.5625,0.5625,0.5625,0.5625,0.5625,0.5625,0.6250,0.5625,0.5625,0.6250,0.5625,0.5625,0.5625,0.6250,0.6250,0.5625,0.7500,0.7500,0.6875,0.6875,0.6875,0.7500,0.7500,0.7500,0.7500,0.7500,0.7500,0.7500,0.6875,0.6875,0.6875,0.6875,0.6875,0.6875,0.7500,0.6875,0.6875,0.6250,0.5625,0.5625,0.5625,0.6250,0.6875,0.6875,0.6875,0.6875,0.7500,0.7500,0.6875,0.6875,0.6875,0.6250,0.6250,0.6875,0.6875,0.6250,0.5625,0.6875,0.6250,0.5625,0.6250,0.6250,0.5625,0.5625,0.5625,0.5625,0.5000,0.5625,0.5625,0.5625,0.5625,0.5625,0.5000,0.5625,0.5625,0.5625,0.5625,0.5000,0.5625,0.5625,0.5000,0.5000,0.5000,0.5625,0.5625,0.5625,0.5625,0.5625,0.5625,0.5625,0.5000,0.5625,0.5625,0.5000,0.5625,0.5000,0.5000,0.5625,0.5625,0.5625,0.5625,0.5000,0.5625,0.5625,0.5625,0.5625,0.5625,0.4375,0.5000,0.6250,0.5000,0.5625,0.5000,0.5625,0.6250,0.5625,0.5625,0.5000,0.5625,0.5625,0.5000,0.5625,0.5625,0.5625,0.5625,0.6250,0.6250,0.5625,0.5000,0.5000,0.5000,0.5000,0.5000,0.5000,0.5625,0.5000,0.5625,0.5625,0.5625,0.5000,0.5625,0.5000,0.5625,0.5000,0.5625,0.5000,0.5000,0.5625,0.5625,0.5625,0.5625,0.5000,0.5625,0.6250,0.6250
2025-08-16T19:01:46,84.722282,20.282560,0,1.0625,1.1250,1.1875,1.1875,1.1250,1.1250,1.1875,1.1875,1.1875,1.1250,1.1250,1.1250,1.1250,1.1250,1.1875,1.1875,1.1250,1.1250,1.1250,1.1250,1.1875,1.1875,1.1875,1.1875,1.1250,1.1250,1.1875,1.1875,1.2500,1.2500,1.2500,1.2500,1.3750,1.2500,1.2500,1.3125,1.3750,1.3125,1.3125,1.3750,1.3125,1.2500,1.1875,1.3125,1.4375,1.4375,1.4375,1.5000,1.4375,1.4375,1.3750,0.6250,0.6250,0.8125,0.8125,0.8125,0.8125,0.7500,0.8125,0.8125,0.6875,0.6875,0.6250,0.6875,0.7500,0.6250,0.6250,0.6250,0.5625,0.6250,0.6250,0.6875,0.5625,0.6250,0.6250,0.6250,0.5625,0.6250,0.6250,0.5625,0.5625,0.6250,0.5625,0.5625,0.6250,0.5625,0.5625,0.5625,0.6250,0.5625,0.6250,0.5625,0.6250,0.5000,0.5625,0.6250,0.5625,0.5625,0.5625,0.6250,0.6250,0.6875,0.6875,0.7500,0.6875,0.7500,0.7500,0.7500,0.7500,0.7500,0.7500,0.7500,0.7500,0.6875,0.6875,0.7500,0.7500,0.6875,0.7500,0.7500,0.6875,0.6875,0.6875,0.6250,0.6250,0.5625,0.6250,0.6250,0.6875,0.6875,0.6875,0.6875,0.6875,0.6875,0.6875,0.6875,0.6875,0.6875,0.6875,0.6875,0.6250,0.6875,0.6250,0.6250,0.5625,0.5625,0.5625,0.5625,0.5000,0.5625,0.5625,0.6250,0.6250,0.6250,0.5000,0.6250,0.5625,0.6250,0.5625,0.5625,0.5625,0.6250,0.6250,0.6250,0.6250,0.5625,0.5625,0.5625,0.5625,0.6250,0.6250,0.5625,0.6250,0.5625,0.6250,0.5625,0.6250,0.5625,0.5625,0.6250,0.6250,0.6250,0.6250,0.5625,0.6250,0.6250,0.6250,0.5625,0.5625,0.5625,0.5625,0.6250,0.5625,0.5625,0.6250,0.5625,0.6250,0.5625,0.6250,0.6250,0.5625,0.5625,0.6250,0.6250,0.6250,0.6250,0.6250,0.6250,0.6250,0.6250,0.6250,0.6250,0.6250,0.5625,0.6250,0.6250,0.5625,0.5625,0.5625,0.5625,0.5625,0.5625,0.6250,0.5625,0.5625,0.5625,0.5625,0.5625,0.6250,0.6250,0.6250,0.6250,0.5625,0.6250,0.6250,0.5625,0.6250,0.6250,0.6250,0.6875
2025-08-17T19:01:40,84.563148,19.272200,0,0.9375,1.0000,1.0625,1.1250,1.0625,1.0625,1.0625,1.1250,1.1250,1.1250,1.1250,1.1250,1.1250,1.1875,1.1875,1.1875,1.1250,1.1875,1.1250,1.2500,1.1875,1.1250,1.1250,1.1875,1.1250,1.1875,1.1250,1.1250,1.1875,1.1875,1.2500,1.3125,1.3125,1.3125,1.3125,1.3125,1.3125,1.3125,1.3125,1.3125,1.4375,1.4375,1.4375,1.3125,1.3125,1.1250,0.8750,0.6250,0.6250,0.6250,0.6250,0.6250,0.6250,0.6875,0.6250,0.6875,0.7500,0.8125,0.8125,0.8125,0.8125,0.6875,0.7500,0.6875,0.8125,0.6875,0.6250,0.6250,0.5625,0.6875,0.8125,0.0000,0.0000,0.0000,0.0000,0.0000,0.0000,0.0000,0.0000,0.0000,0.0000,0.0000,0.0000,0.0000,0.0000,0.0000,0.0000,0.0000,0.0000,0.0000,0.0000,0.0000,0.0000,0.0000,0.0000,0.0000,0.0000,0.0000,0.0000,0.0000,0.0000,0.0000,0.0000,0.0000,0.0000,0.0000,0.0000,0.0000,0.0000,0.0000,0.0000,0.0000,0.0000,0.0000,0.0000,0.0000,0.0000,0.0000,0.0000,0.0000,0.0000,0.0000,0.0000,0.0000,0.0000,0.0000,0.0000,0.0000,0.0000,0.0000,0.0000,0.0000,0.0000,0.0000,0.0000,0.0000,0.0000,0.0000,0.0000,0.0000,0.0000,0.0000,0.0000,0.0000,0.0000,0.0000,0.0000,0.0000,0.0000,0.0000,0.0000,0.0000,0.0000,0.0000,0.0000,0.0000,0.0000,0.0000,0.0000,0.0000,0.0000,0.0000,0.0000,0.0000,0.0000,0.0000,0.0000,0.0000,0.0000,0.0000,0.0000,0.0000,0.0000,0.0000,0.0000,0.0000,0.0000,0.0000,0.0000,0.0000,0.0000,0.0000,0.0000,0.0000,0.0000,0.0000,0.0000,0.0000,0.0000,0.0000,0.0000,0.0000,0.0000,0.0000,0.0000,0.0000,0.0000,0.0000,0.0000,0.0000,0.0000,0.0000,0.0000,0.0000,0.0000,0.0000,0.0000,0.0000,0.0000,0.0000,0.0000,0.0000,0.0000,0.0000,0.0000,0.0000,0.0000,0.0000,0.0000,0.0000,0.0000,0.0000,0.0000,0.0000,0.0000,0.0000,0.0000,0.0000,0.0000,0.0000,0.0000,0.0000,0.0000,0.0000,0.0000,0.0000,0.0000,0.0000,0.0000,0.0000
2025-08-18T19:01:33,84.439651,18.434950,0,0.7500,0.8750,0.8750,0.9375,0.8750,0.8125,0.8125,0.8125,0.8125,0.8125,0.8750,0.9375,0.9375,0.9375,0.8125,0.8125,0.9375,0.9375,0.9375,1.0000,1.0000,0.8750,0.8125,0.8750,0.8750,0.9375,1.0000,0.9375,0.8750,0.9375,0.9375,0.9375,1.0000,1.0000,1.0000,1.0000,1.0625,0.7500,0.6250,0.6250,0.6250,0.6250,0.6250,0.6250,0.6875,0.5625,0.6250,0.6875,0.6875,0.6875,0.6875,0.6875,0.7500,0.6875,0.6875,0.6875,0.6250,0.6250,0.6875,0.7500,0.7500,0.6875,0.7500,0.6875,0.8125,0.6875,0.6875,0.6875,0.6875,0.7500,1.0000,0.0000,0.0000,0.0000,0.0000,0.0000,0.0000,0.0000,0.0000,0.0000,0.0000,0.0000,0.0000,0.0000,0.0000,0.0000,0.0000,0.0000,0.0000,0.0000,0.0000,0.0000,0.0000,0.0000,0.0000,0.0000,0.0000,0.0000,0.0000,0.0000,0.0000,0.0000,0.0000,0.0000,0.0000,0.0000,0.0000,0.0000,0.0000,0.0000,0.0000,0.0000,0.0000,0.0000,0.0000,0.0000,0.0000,0.0000,0.0000,0.0000,0.0000,0.0000,0.0000,0.0000,0.0000,0.0000,0.0000,0.0000,0.0000,0.0000,0.0000,0.0000,0.0000,0.0000,0.0000,0.0000,0.0000,0.0000,0.0000,0.0000,0.0000,0.0000,0.0000,0.0000,0.0000,0.0000,0.0000,0.0000,0.0000,0.0000,0.0000,0.0000,0.0000,0.0000,0.0000,0.0000,0.0000,0.0000,0.0000,0.0000,0.0000,0.0000,0.0000,0.0000,0.0000,0.0000,0.0000,0.0000,0.0000,0.0000,0.0000,0.0000,0.0000,0.0000,0.0000,0.0000,0.0000,0.0000,0.0000,0.0000,0.0000,0.0000,0.0000,0.0000,0.0000,0.0000,0.0000,0.0000,0.0000,0.0000,0.0000,0.0000,0.0000,0.0000,0.0000,0.0000,0.0000,0.0000,0.0000,0.0000,0.0000,0.0000,0.0000,0.0000,0.0000,0.0000,0.0000,0.0000,0.0000,0.0000,0.0000,0.0000,0.0000,0.0000,0.0000,0.0000,0.0000,0.0000,0.0000,0.0000,0.0000,0.0000,0.0000,0.0000,0.0000,0.0000,0.0000,0.0000,0.0000,0.0000,0.0000,0.0000,0.0000,0.0000,0.0000,0.0000,0.0000,0.0000,0.0000,0.0000
2025-08-19T19:01:39,84.293068,18.321039,0,0.5000,0.5625,0.5625,0.5625,0.5625,0.6250,0.5625,0.5625,0.5000,0.5625,0.5000,0.5625,0.5625,0.5625,0.5625,0.5625,0.5625,0.5625,0.6250,0.5625,0.6250,0.5625,0.5625,0.6250,0.5625,0.5625,0.5625,0.6250,0.6250,0.5625,0.5625,0.5625,0.6250,0.5625,0.5625,0.5625,0.5625,0.5625,0.5625,0.5625,0.6250,0.5625,0.5625,0.6250,0.5625,0.6250,0.5625,0.5625,0.6250,0.6250,0.6250,0.6250,0.6250,0.6250,0.6250,0.6875,0.6875,0.7500,0.8750,0.9375,0.8750,0.8125,0.6875,0.5000,0.5625,0.5625,0.5625,0.5000,0.5625,0.5625,0.6250,0.0000,0.0000,0.0000,0.0000,0.0000,0.0000,0.0000,0.0000,0.0000,0.0000,0.0000,0.0000,0.0000,0.0000,0.0000,0.0000,0.0000,0.0000,0.0000,0.0000,0.0000,0.0000,0.0000,0.0000,0.0000,0.0000,0.0000,0.0000,0.0000,0.0000,0.0000,0.0000,0.0000,0.0000,0.0000,0.0000,0.0000,0.0000,0.0000,0.0000,0.0000,0.0000,0.0000,0.0000,0.0000,0.0000,0.0000,0.0000,0.0000,0.0000,0.0000,0.0000,0.0000,0.0000,0.0000,0.0000,0.0000,0.0000,0.0000,0.0000,0.0000,0.0000,0.0000,0.0000,0.0000,0.0000,0.0000,0.0000,0.0000,0.0000,0.0000,0.0000,0.0000,0.0000,0.0000,0.0000,0.0000,0.0000,0.0000,0.0000,0.0000,0.0000,0.0000,0.0000,0.0000,0.0000,0.0000,0.0000,0.0000,0.0000,0.0000,0.0000,0.0000,0.0000,0.0000,0.0000,0.0000,0.0000,0.0000,0.0000,0.0000,0.0000,0.0000,0.0000,0.0000,0.0000,0.0000,0.0000,0.0000,0.0000,0.0000,0.0000,0.0000,0.0000,0.0000,0.0000,0.0000,0.0000,0.0000,0.0000,0.0000,0.0000,0.0000,0.0000,0.0000,0.0000,0.0000,0.0000,0.0000,0.0000,0.0000,0.0000,0.0000,0.0000,0.0000,0.0000,0.0000,0.0000,0.0000,0.0000,0.0000,0.0000,0.0000,0.0000,0.0000,0.0000,0.0000,0.0000,0.0000,0.0000,0.0000,0.0000,0.0000,0.0000,0.0000,0.0000,0.0000,0.0000,0.0000,0.0000,0.0000,0.0000,0.0000,0.0000,0.0000,0.0000,0.0000,0.0000,0.0000
2025-08-20T19:02:19,85.438667,7.683980,1,0.5000,0.6250,0.6250,0.6250,0.6250,0.6250,0.5625,0.6250,0.6250,0.5625,0.6250,0.6250,0.5625,0.6250,0.6250,0.6250,0.6250,0.6875,0.6250,0.6250,0.6250,0.6250,0.5625,0.6875,0.6250,0.6250,0.6875,0.6875,0.6250,0.6250,0.5625,0.6250,0.6250,0.6250,0.5625,0.6250,0.6250,0.6250,0.5625,0.6250,0.6250,0.6250,0.6250,0.6250,0.6250,0.5625,0.6250,0.6875,0.6250,0.6250,0.6250,0.6250,0.6250,0.6875,0.6250,0.6250,0.6250,0.6250,0.6250,0.6250,0.6250,0.6250,0.5625,0.6250,0.6250,0.6250,0.6250,0.6250,0.6250,0.6250,0.7500,0.0000,0.0000,0.0000,0.0000,0.0000,0.0000,0.0000,0.0000,0.0000,0.0000,0.0000,0.0000,0.0000,0.0000,0.0000,0.0000,0.0000,0.0000,0.0000,0.0000,0.0000,0.0000,0.0000,0.0000,0.0000,0.0000,0.0000,0.0000,0.0000,0.0000,0.0000,0.0000,0.0000,0.0000,0.0000,0.0000,0.0000,0.0000,0.0000,0.0000,0.0000,0.0000,0.0000,0.0000,0.0000,0.0000,0.0000,0.0000,0.0000,0.0000,0.0000,0.0000,0.0000,0.0000,0.0000,0.0000,0.0000,0.0000,0.0000,0.0000,0.0000,0.0000,0.0000,0.0000,0.0000,0.0000,0.0000,0.0000,0.0000,0.0000,0.0000,0.0000,0.0000,0.0000,0.0000,0.0000,0.0000,0.0000,0.0000,0.0000,0.0000,0.0000,0.0000,0.0000,0.0000,0.0000,0.0000,0.0000,0.0000,0.0000,0.0000,0.0000,0.0000,0.0000,0.0000,0.0000,0.0000,0.0000,0.0000,0.0000,0.0000,0.0000,0.0000,0.0000,0.0000,0.0000,0.0000,0.0000,0.0000,0.0000,0.0000,0.0000,0.0000,0.0000,0.0000,0.0000,0.0000,0.0000,0.0000,0.0000,0.0000,0.0000,0.0000,0.0000,0.0000,0.0000,0.0000,0.0000,0.0000,0.0000,0.0000,0.0000,0.0000,0.0000,0.0000,0.0000,0.0000,0.0000,0.0000,0.0000,0.0000,0.0000,0.0000,0.0000,0.0000,0.0000,0.0000,0.0000,0.0000,0.0000,0.0000,0.0000,0.0000,0.0000,0.0000,0.0000,0.0000,0.0000,0.0000,0.0000,0.0000,0.0000,0.0000,0.0000,0.0000,0.0000,0.0000,0.0000,0.0000
2025-08-21T19:01:32,84.257668,17.076410,0,0.6250,0.6875,0.7500,0.7500,0.7500,0.7500,0.6875,0.7500,0.6875,0.6875,0.6875,0.6875,0.6875,0.7500,0.6250,0.6875,0.6875,0.6875,0.7500,0.6875,0.7500,0.6875,0.6875,0.6875,0.6875,0.7500,0.6875,0.7500,0.6875,0.6875,0.6875,0.6875,0.6875,0.6875,0.6875,0.6875,0.6875,0.6875,0.7500,0.6875,0.7500,0.7500,0.7500,0.6875,0.7500,0.6875,0.6875,0.7500,0.7500,0.7500,0.7500,0.6875,0.6875,0.7500,0.6875,0.7500,0.6875,0.6875,0.6875,0.7500,0.7500,0.6250,0.6875,0.6875,0.6875,0.7500,0.7500,0.7500,0.6875,0.7500,0.8125,0.0000,0.0000,0.0000,0.0000,0.0000,0.0000,0.0000,0.0000,0.0000,0.0000,0.0000,0.0000,0.0000,0.0000,0.0000,0.0000,0.0000,0.0000,0.0000,0.0000,0.0000,0.0000,0.0000,0.0000,0.0000,0.0000,0.0000,0.0000,0.0000,0.0000,0.0000,0.0000,0.0000,0.0000,0.0000,0.0000,0.0000,0.0000,0.0000,0.0000,0.0000,0.0000,0.0000,0.0000,0.0000,0.0000,0.0000,0.0000,0.0000,0.0000,0.0000,0.0000,0.0000,0.0000,0.0000,0.0000,0.0000,0.0000,0.0000,0.0000,0.0000,0.0000,0.0000,0.0000,0.0000,0.0000,0.0000,0.0000,0.0000,0.0000,0.0000,0.0000,0.0000,0.0000,0.0000,0.0000,0.0000,0.0000,0.0000,0.0000,0.0000,0.0000,0.0000,0.0000,0.0000,0.0000,0.0000,0.0000,0.0000,0.0000,0.0000,0.0000,0.0000,0.0000,0.0000,0.0000,0.0000,0.0000,0.0000,0.0000,0.0000,0.0000,0.0000,0.0000,0.0000,0.0000,0.0000,0.0000,0.0000,0.0000,0.0000,0.0000,0.0000,0.0000,0.0000,0.0000,0.0000,0.0000,0.0000,0.0000,0.0000,0.0000,0.0000,0.0000,0.0000,0.0000,0.0000,0.0000,0.0000,0.0000,0.0000,0.0000,0.0000,0.0000,0.0000,0.0000,0.0000,0.0000,0.0000,0.0000,0.0000,0.0000,0.0000,0.0000,0.0000,0.0000,0.0000,0.0000,0.0000,0.0000,0.0000,0.0000,0.0000,0.0000,0.0000,0.0000,0.0000,0.0000,0.0000,0.0000,0.0000,0.0000,0.0000,0.0000,0.0000,0.0000,0.0000,0.0000,0.0000
2025-08-22T19:01:39,84.198761,17.650120,0,0.6250,0.6875,0.6875,0.7500,0.6875,0.6875,0.6250,0.6875,0.6875,0.6875,0.6875,0.6875,0.6875,0.6875,0.6250,0.6875,0.6875,0.6875,0.7500,0.7500,0.6250,0.6875,0.6250,0.7500,0.6875,0.7500,0.6875,0.6875,0.6875,0.6250,0.6250,0.6250,0.6875,0.6875,0.6875,0.6875,0.6250,0.6875,0.6250,0.6875,0.6875,0.6875,0.6250,0.6875,0.6875,0.6875,0.6250,0.6875,0.6875,0.7500,0.6875,0.6875,0.6875,0.6875,0.6875,0.6875,0.6875,0.6875,0.6875,0.6875,0.6875,0.6250,0.6875,0.7500,0.7500,0.6875,0.6875,0.6875,0.6875,0.6875,0.8125,0.0000,0.0000,0.0000,0.0000,0.0000,0.0000,0.0000,0.0000,0.0000,0.0000,0.0000,0.0000,0.0000,0.0000,0.0000,0.0000,0.0000,0.0000,0.0000,0.0000,0.0000,0.0000,0.0000,0.0000,0.0000,0.0000,0.0000,0.0000,0.0000,0.0000,0.0000,0.0000,0.0000,0.0000,0.0000,0.0000,0.0000,0.0000,0.0000,0.0000,0.0000,0.0000,0.0000,0.0000,0.0000,0.0000,0.0000,0.0000,0.0000,0.0000,0.0000,0.0000,0.0000,0.0000,0.0000,0.0000,0.0000,0.0000,0.0000,0.0000,0.0000,0.0000,0.0000,0.0000,0.0000,0.0000,0.0000,0.0000,0.0000,0.0000,0.0000,0.0000,0.0000,0.0000,0.0000,0.0000,0.0000,0.0000,0.0000,0.0000,0.0000,0.0000,0.0000,0.0000,0.0000,0.0000,0.0000,0.0000,0.0000,0.0000,0.0000,0.0000,0.0000,0.0000,0.0000,0.0000,0.0000,0.0000,0.0000,0.0000,0.0000,0.0000,0.0000,0.0000,0.0000,0.0000,0.0000,0.0000,0.0000,0.0000,0.0000,0.0000,0.0000,0.0000,0.0000,0.0000,0.0000,0.0000,0.0000,0.0000,0.0000,0.0000,0.0000,0.0000,0.0000,0.0000,0.0000,0.0000,0.0000,0.0000,0.0000,0.0000,0.0000,0.0000,0.0000,0.0000,0.0000,0.0000,0.0000,0.0000,0.0000,0.0000,0.0000,0.0000,0.0000,0.0000,0.0000,0.0000,0.0000,0.0000,0.0000,0.0000,0.0000,0.0000,0.0000,0.0000,0.0000,0.0000,0.0000,0.0000,0.0000,0.0000,0.0000,0.0000,0.0000,0.0000,0.0000,0.0000,0.0000
2026-03-03T00:01:34,78.270340,14.976840,0,1.2500,1.3750,1.4375,1.4375,1.4375,1.4375,1.3750,1.4375,1.5000,1.4375,1.3750,1.4375,1.3750,1.3750,1.4375,1.4375,1.4375,1.3750,1.3750,1.3750,1.4375,1.3750,1.3750,1.4375,1.4375,1.4375,1.4375,1.4375,1.4375,1.4375,1.4375,1.3750,1.3750,1.3750,1.3750,1.5000,1.4375,1.5000,1.5000,1.4375,1.3750,1.3125,1.3750,1.3750,1.4375,1.4375,1.3750,1.3750,1.3750,1.4375,1.4375,1.4375,1.4375,1.4375,1.4375,1.3750,1.3750,1.3125,1.3750,1.3125,1.3125,1.3125,1.3125,1.3750,1.3125,1.2500,1.2500,1.3750,1.3125,1.3750,1.3125,1.3125,1.2500,1.3125,1.2500,1.3125,1.3125,1.3125,1.3125,1.3750,1.3125,1.3125,1.3750,1.3750,1.3750,1.4375,1.4375,1.3750,1.3750,1.3750,1.3750,1.3125,1.3125,1.3750,1.3125,1.3750,1.2500,1.3125,1.2500,1.2500,1.3125,1.2500,1.3125,1.3125,1.2500,1.2500,1.2500,1.3125,1.3125,1.3125,1.2500,1.2500,1.2500,1.2500,1.2500,1.2500,1.1875,1.1875,1.1875,1.1875,1.1875,1.2500,1.2500,1.1875,1.1875,1.2500,1.1875,1.2500,1.1875,1.1875,1.2500,1.2500,1.2500,1.3125,1.2500,1.3125,1.2500,1.2500,1.1875,1.1875,1.2500,1.2500,1.1875,1.1875,1.1875,1.1875,1.2500,1.1875,1.2500,1.2500,1.2500,1.2500,1.2500,1.2500,1.3125,1.3125,1.1875,1.2500,1.2500,1.2500,1.2500,1.3125,1.2500,1.2500,1.1875,1.1875,1.1875,1.1875,1.1875,1.2500,1.2500,1.2500,1.2500,1.2500,1.1875,1.2500,1.2500,1.2500,1.2500,1.2500,1.2500,1.3125,1.2500,1.2500,1.2500,1.1875,1.1875,1.1250,1.1875,1.1875,1.1250,1.1875,1.1875,1.2500,1.1875,1.1875,1.1875,1.1875,1.1875,1.1875,1.1875,1.1875,1.1875,1.1875,1.1875,1.2500,1.1875,1.2500,1.2500,1.2500,1.1875,1.1250,1.1875,1.1875,1.1875,1.1875,1.1875,1.1875,1.2500,1.1875,1.1875,1.1875,1.1875,1.1875,1.1875,1.1875,1.1875,1.1875,1.1875,1.1875,1.1250,1.1875,1.1875,1.1250,1.1875,1.1875,1.1250,1.1875,1.1250,1.0625
